intake_id,item_name,status,profile,category,Category_Group,track,pathway,gpu_model,vram_gb,unified_memory_gb,screen_size_in,thermal_flag,price_aud,Over_Budget,Price_Unknown,condition,retailer,verification_status,au_stock,seller_class,source_platform,batch,source_file,exceptional_override,shortlist_reason,soft_penalty_notes,Machine,Type,Performance_Headroom,Price_Value,Future_Proof,Portability,Track2_Avoidance,MCDA_Total,seller_risk_score,current_best_price_aud,current_best_retailer,current_best_url,in_stock_now,student_discount_possible,cashback_possible,cashback_source,stackable_coupons_confirmed,price_match_possible,price_beat_possible,effective_best_price_aud,promo_notes,pricing_checked_at,warranty_months_confirmed,acl_covered,Seller_Risk_Multiplier,Source_Platform_Penalty,Risk_Adjustment,Adjusted_MCDA_Total,Policy_Status,Policy_Blockers,score_acquisition_risk,battery_score,battery_disclosure_score,battery_health_value_score,risk_adjusted_price,manufacture_year,risk_flags,archetype_used,intent_notes
asus-tuf-a14,ASUS TUF Gaming A14 (2026) FA401EA,ACTIVE,Laptop,laptop,Complete_System,UNKNOWN,UNKNOWN,UNKNOWN,32.0,UNKNOWN,UNKNOWN,UNKNOWN,UNKNOWN,No,Yes,UNKNOWN,UNKNOWN,UNKNOWN,UNKNOWN,UNKNOWN,UNKNOWN,UNKNOWN,cards/laptops/asus-tuf-a14.md,,Passed gates,Price UNKNOWN — research required; Unverified — confirm specs before scoring; AU stock: UNKNOWN,asus-tuf-a14,Candidate,9,2,9,8,9,7.400,,,,,,,,,,,,,,,,,1.000,0.000,0.000,7.400,NEEDS_REVIEW,price UNKNOWN; track/pathway unresolved; seller_class UNKNOWN for risk adjustment; source_platform UNKNOWN for risk adjustment,0.0,2.0,1.0,3.0,270.0,,NO_WARRANTY; NO_RETURNS; BATTERY_UNDISCLOSED,,
intake-077,Lenovo Legion Pro 7i Gen 10 16 (83F5X004R1) - Lenovo Outlet AU,ACTIVE,Laptop,laptop,Complete_System,1,1A,NVIDIA GeForce RTX 5090 Laptop GPU,24.0,UNKNOWN,16.0,UNKNOWN,5020.95,Yes,,Certified Refurbished,Lenovo Outlet AU,"Verified (full page, 2026-05-13)",Yes,MANUFACTURER_AU,MANUFACTURER_AU,manual_user_submission,cards/laptops/intake-077_lenovo-legion-pro-7i-gen10-83f5x004r1-outlet.md,≥ 24.0GB VRAM allows budget stretch to $6000.0,Passed via exceptional override,"Exceeds $5,000 AUD budget (price: $5,020.95) [ALLOWED: ≥ 24.0GB VRAM allows budget stretch to $6000.0]",intake-077,Candidate,9,2,9,8,9,7.130,,,,,,,,,,,,,,,,,1.000,0.000,0.000,7.130,NEEDS_REVIEW,price > Track 1 cap (5000 AUD),0.0,2.0,1.0,3.0,5290.95,,NO_WARRANTY; NO_RETURNS; BATTERY_UNDISCLOSED,,
30_asus-rog-strix-scar-18-rtx-5090-2025,ASUS ROG Strix Scar 18 (2025) RTX 5090,ACTIVE,Laptop,laptop,Complete_System,UNKNOWN,UNKNOWN,NVIDIA RTX 5090 Laptop GPU (24 GB),24.0,UNKNOWN,18.0,UNKNOWN,UNKNOWN,No,Yes,UNKNOWN,UNKNOWN,UNKNOWN,UNKNOWN,UNKNOWN,UNKNOWN,UNKNOWN,cards/laptops/30_asus-rog-strix-scar-18-rtx-5090-2025.md,,Passed gates,Price UNKNOWN — research required; Unverified — confirm specs before scoring; AU stock: UNKNOWN,30_asus-rog-strix-scar-18-rtx-5090-2025,Candidate,9,2,9,5,9,6.800,,,,,,,,,,,,,,,,,1.000,0.000,0.000,6.800,NEEDS_REVIEW,price UNKNOWN; track/pathway unresolved; seller_class UNKNOWN for risk adjustment; source_platform UNKNOWN for risk adjustment,0.0,2.0,1.0,3.0,270.0,,NO_WARRANTY; NO_RETURNS; BATTERY_UNDISCLOSED,,
31_lenovo-legion-9i-18-rtx-5090,"Lenovo Legion 9i Gen 10 18"" RTX 5090",ACTIVE,Laptop,laptop,Complete_System,UNKNOWN,UNKNOWN,NVIDIA RTX 5090 Laptop GPU (24 GB),24.0,UNKNOWN,18.0,UNKNOWN,UNKNOWN,No,Yes,UNKNOWN,UNKNOWN,UNKNOWN,UNKNOWN,UNKNOWN,UNKNOWN,UNKNOWN,cards/laptops/31_lenovo-legion-9i-18-rtx-5090.md,,Passed gates,Price UNKNOWN — research required; Unverified — confirm specs before scoring; AU stock: UNKNOWN,31_lenovo-legion-9i-18-rtx-5090,Candidate,9,2,9,5,9,6.800,,,,,,,,,,,,,,,,,1.000,0.000,0.000,6.800,NEEDS_REVIEW,price UNKNOWN; track/pathway unresolved; seller_class UNKNOWN for risk adjustment; source_platform UNKNOWN for risk adjustment,0.0,2.0,1.0,3.0,270.0,,NO_WARRANTY; NO_RETURNS; BATTERY_UNDISCLOSED,,
32_msi-raider-a18-hx-rtx-5090,MSI Raider A18 HX RTX 5090,ACTIVE,Laptop,laptop,Complete_System,UNKNOWN,UNKNOWN,NVIDIA RTX 5090 Laptop GPU (24 GB),24.0,UNKNOWN,18.0,UNKNOWN,UNKNOWN,No,Yes,UNKNOWN,UNKNOWN,UNKNOWN,UNKNOWN,UNKNOWN,UNKNOWN,UNKNOWN,cards/laptops/32_msi-raider-a18-hx-rtx-5090.md,,Passed gates,Price UNKNOWN — research required; Unverified — confirm specs before scoring; AU stock: UNKNOWN,32_msi-raider-a18-hx-rtx-5090,Candidate,9,2,9,5,9,6.800,,,,,,,,,,,,,,,,,1.000,0.000,0.000,6.800,NEEDS_REVIEW,price UNKNOWN; track/pathway unresolved; seller_class UNKNOWN for risk adjustment; source_platform UNKNOWN for risk adjustment,0.0,2.0,1.0,3.0,270.0,,NO_WARRANTY; NO_RETURNS; BATTERY_UNDISCLOSED,,
33_msi-titan-rtx-5090,MSI Titan (RTX 5090) — model variant UNKNOWN,ACTIVE,Laptop,laptop,Complete_System,UNKNOWN,UNKNOWN,NVIDIA RTX 5090 Laptop GPU (24 GB),24.0,UNKNOWN,17.0,Flagged,UNKNOWN,No,Yes,UNKNOWN,UNKNOWN,UNKNOWN,UNKNOWN,UNKNOWN,UNKNOWN,UNKNOWN,cards/laptops/33_msi-titan-rtx-5090.md,,Passed gates,Price UNKNOWN — research required; Unverified — confirm specs before scoring; AU stock: UNKNOWN,33_msi-titan-rtx-5090,Candidate,9,2,9,5,9,6.800,,,,,,,,,,,,,,,,,1.000,0.000,0.000,6.800,NEEDS_REVIEW,price UNKNOWN; track/pathway unresolved; seller_class UNKNOWN for risk adjustment; source_platform UNKNOWN for risk adjustment,0.0,2.0,1.0,3.0,270.0,,NO_WARRANTY; NO_RETURNS; BATTERY_UNDISCLOSED,,
hp-zbook-ultra-14-g1a-32gb-triforce,"HP ZBook Ultra 14 G1a Mobile Workstation (Ryzen AI Max 385, 32GB Unified)",ACTIVE,Laptop,laptop,Complete_System,1,1B,AMD Radeon Graphics (Unified),UNKNOWN,32.0,14.0,UNKNOWN,2999.0,No,,New,hub by Triforce,Verified,Yes,MAJOR_RETAILER_AU,MAJOR_RETAILER_AU,UNKNOWN,cards/laptops/hp-zbook-ultra-14-g1a-32gb-triforce.md,,Passed gates,,hp-zbook-ultra-14-g1a-32gb-triforce,Candidate,6,9,6,9,6,6.930,,,,,,,,,,,,,,,,,0.980,0.000,-0.139,6.791,GOOD_ENOUGH,,0.0,2.0,1.0,3.0,3269.0,2025,NO_WARRANTY; NO_RETURNS; BATTERY_UNDISCLOSED,,
asus-rog-flow-z13,ASUS ROG Flow Z13 (2025) (Strix Halo),BUY_CANDIDATE,Laptop,laptop,Complete_System,1,1B,UNKNOWN,UNKNOWN,32.0,13.4,UNKNOWN,4499.0,No,,New,ASUS Australia,"Verified (ASUS Store AU, 2026-05-11)",Yes,MANUFACTURER_AU,MANUFACTURER_AU,UNKNOWN,cards/laptops/asus-rog-flow-z13.md,,Passed gates,,asus-rog-flow-z13,Candidate,9,3,9,5,9,6.730,,,,,,,,,,,,,,,,,1.000,0.000,0.000,6.730,GOOD_ENOUGH,,0.0,2.0,1.0,3.0,4769.0,,NO_WARRANTY; NO_RETURNS; BATTERY_UNDISCLOSED,,
lenovo-legion-7a-gen-11-83v9cto1wwau2,"Lenovo Legion 7a Gen 11 (15"" AMD) — AMD Ryzen AI Max+ 392 (64GB Unified)",ACTIVE,Laptop,laptop,Complete_System,1,1B,UNKNOWN,64.0,64.0,15.3,UNKNOWN,5599.0,Yes,,New,Lenovo AU Store,"Verified (Lenovo AU Store, 2026-05-28)",Yes,MANUFACTURER_AU,MANUFACTURER_AU,manual_user_submission,cards/laptops/lenovo-legion-7a-gen-11-83v9cto1wwau2.md,≥ 24.0GB VRAM allows budget stretch to $6000.0,Passed via exceptional override,"Exceeds $5,000 AUD budget (price: $5,599.00) [ALLOWED: ≥ 24.0GB VRAM allows budget stretch to $6000.0]",lenovo-legion-7a-gen-11-83v9cto1wwau2,Candidate,7,5,8,8,7,6.730,,,,,,,,,,,,,,,,,1.000,0.000,0.000,6.730,NEEDS_REVIEW,price > Track 1 cap (5000 AUD),0.0,2.0,1.0,3.0,5869.0,2025,NO_WARRANTY; NO_RETURNS; BATTERY_UNDISCLOSED,,
HN6306_proart_px13,ASUS ProArt GoPro Edition PX13 HN7306EAC-LX044W (Strix Halo),BUY_CANDIDATE,Laptop,laptop,Complete_System,1,1B,UNKNOWN,128.0,128.0,13.3,UNKNOWN,4799.0,No,,New,PLE Computers,"Verified (multi-retailer, 2026-05-13)",Yes,MAJOR_RETAILER_AU,MANUFACTURER_AU,manual_user_submission,cards/laptops/HN6306_proart_px13.md,,Passed gates,,HN6306_proart_px13,Candidate,9,3,9,5,9,6.730,,,,,,,,,,,,,,,,,0.980,0.000,-0.135,6.595,GOOD_ENOUGH,,0.0,2.0,1.0,3.0,5069.0,,NO_WARRANTY; NO_RETURNS; BATTERY_UNDISCLOSED,,
rfb-msi-vector-a18hx-a9wig,MSI Vector A18 HX A9WIG (Refurbished),ACTIVE,Laptop,laptop,Complete_System,1,1A,NVIDIA GeForce RTX 5080 Laptop GPU (16 GB),16.0,UNKNOWN,18.0,UNKNOWN,3399.0,No,,Refurbished,hub by Triforce,Verified,Yes,REFURB_SELLER,MAJOR_RETAILER_AU,UNKNOWN,cards/laptops/rfb-msi-vector-a18hx-a9wig.md,,Passed gates,,rfb-msi-vector-a18hx-a9wig,Candidate,7,10,8,4,7,6.930,,,,,,,,,,,,,,,,,0.950,0.000,-0.347,6.583,GOOD_ENOUGH,,0.0,2.0,1.0,3.0,3669.0,,NO_WARRANTY; NO_RETURNS; BATTERY_UNDISCLOSED,,
intake-076,Lenovo Legion Pro 7i Gen 10 16 (83F5XA01AU) - Lenovo Outlet AU,ACTIVE,Laptop,laptop,Complete_System,1,1A,NVIDIA GeForce RTX 5080 Laptop GPU,16.0,UNKNOWN,16.0,UNKNOWN,3827.45,No,,Certified Refurbished,Lenovo Outlet AU,"Verified (full page, 2026-05-13)",Yes,MANUFACTURER_AU,MANUFACTURER_AU,manual_user_submission,cards/laptops/intake-076_lenovo-legion-pro-7i-gen10-83f5xa01au-outlet.md,,Passed gates,,intake-076,Candidate,7,5,7,8,7,6.530,,,,,,,,,,,,,,,,,1.000,0.000,0.000,6.530,GOOD_ENOUGH,,0.0,2.0,1.0,3.0,4097.45,,NO_WARRANTY; NO_RETURNS; BATTERY_UNDISCLOSED,,
intake-080,HP OMEN MAX 16-ah0013TX,ACTIVE,Laptop,laptop,Complete_System,1,1A,NVIDIA GeForce RTX 5080 Laptop GPU,16.0,0.0,16.0,UNKNOWN,3799.0,No,,New,HP Australia,"Verified (hp.com.au + student discount, 2026-05-14)",Yes,MANUFACTURER_AU,MANUFACTURER_AU,manual_user_submission,cards/laptops/intake-080_hp-omen-max-16-ah0013tx.md,,Passed gates,,intake-080,Candidate,7,5,7,8,7,6.530,,,,,,,,,,,,,,,,,1.000,0.000,0.000,6.530,GOOD_ENOUGH,,0.0,2.0,1.0,3.0,4069.0,,NO_WARRANTY; NO_RETURNS; BATTERY_UNDISCLOSED,,
hp_omen_max,HP OMEN Max 16 Gaming Laptop (Intel Core Ultra 9 + RTX 5080),ACTIVE,Laptop,laptop,Complete_System,UNKNOWN,UNKNOWN,NVIDIA RTX 5080 Laptop GPU,167.0,UNKNOWN,16.0,UNKNOWN,3999.0,No,,New,HP Australia (hp.com/au-en),UNKNOWN,"""Yes""",MANUFACTURER_AU,UNKNOWN,UNKNOWN,cards/laptops/hp_omen_max.md,,Passed gates,Unverified — confirm specs before scoring,hp_omen_max,Candidate,7,5,7,8,7,6.530,,,,,,,,,,,,,,,,,1.000,0.000,0.000,6.530,NEEDS_REVIEW,track/pathway unresolved; source_platform UNKNOWN for risk adjustment,0.0,2.0,1.0,3.0,4269.0,,NO_WARRANTY; NO_RETURNS; BATTERY_UNDISCLOSED,,
intake-010,MSI Raider 18 HX AI A2XWJG,ACTIVE,Laptop,laptop,Complete_System,UNKNOWN,UNKNOWN,RTX 5090 Mobile,24.0,UNKNOWN,UNKNOWN,UNKNOWN,8488.0,Yes,,New,UNKNOWN,Verified,UNKNOWN,UNKNOWN,UNKNOWN,2026-05-05_notebooklm_batch1_processed,cards/laptops/intake-010_msi-raider-18-hx-ai-a2xwjg.md,,Passed gates,"Exceeds $5,000 AUD budget (price: $8,488.00); AU stock: UNKNOWN",intake-010,Candidate,9,0,9,5,9,6.400,,,,,,,,,,,,,,,,,1.000,0.000,0.000,6.400,NEEDS_REVIEW,track/pathway unresolved; seller_class UNKNOWN for risk adjustment; source_platform UNKNOWN for risk adjustment,0.0,2.0,1.0,3.0,8758.0,,NO_WARRANTY; NO_RETURNS; BATTERY_UNDISCLOSED,,
intake-012,Razer Blade 18,ACTIVE,Laptop,laptop,Complete_System,UNKNOWN,UNKNOWN,RTX 5090 Mobile,24.0,UNKNOWN,UNKNOWN,UNKNOWN,7400.0,Yes,,New,UNKNOWN,Unverified,UNKNOWN,UNKNOWN,UNKNOWN,2026-05-05_notebooklm_batch1_processed,cards/laptops/intake-012_razer-blade-18.md,,Passed gates,"Exceeds $5,000 AUD budget (price: $7,400.00); Unverified — confirm specs before scoring; AU stock: UNKNOWN",intake-012,Candidate,9,0,9,5,9,6.400,,,,,,,,,,,,,,,,,1.000,0.000,0.000,6.400,NEEDS_REVIEW,track/pathway unresolved; seller_class UNKNOWN for risk adjustment; source_platform UNKNOWN for risk adjustment,0.0,2.0,1.0,3.0,7670.0,,NO_WARRANTY; NO_RETURNS; BATTERY_UNDISCLOSED,,
intake-036,Alienware 16 Area-51 new config,ACTIVE,Laptop,laptop,Complete_System,UNKNOWN,UNKNOWN,RTX 5070 Ti Mobile,16.0,UNKNOWN,UNKNOWN,UNKNOWN,4198.7,No,,New,UNKNOWN,Unverified,UNKNOWN,UNKNOWN,UNKNOWN,2026-05-05_notebooklm_batch1_processed,cards/laptops/intake-036_alienware-16-area-51-new-config.md,,Passed gates,Unverified — confirm specs before scoring; AU stock: UNKNOWN,intake-036,Candidate,7,4,7,8,7,6.330,,,,,,,,,,,,,,,,,1.000,0.000,0.000,6.330,NEEDS_REVIEW,track/pathway unresolved; seller_class UNKNOWN for risk adjustment; source_platform UNKNOWN for risk adjustment,0.0,2.0,1.0,3.0,4468.7,,NO_WARRANTY; NO_RETURNS; BATTERY_UNDISCLOSED,,
49_msi-vector-gp78-hx-14v,MSI VECTOR GP78 HX 14V,ACTIVE,Laptop,laptop,Complete_System,1,1A,NVIDIA RTX 4090 Laptop GPU (16 GB),16.0,UNKNOWN,17.3,UNKNOWN,2499.0,No,,Refurbished / Ex-demo,MikePC AU,Verified,Yes,REFURB_SELLER,MAJOR_RETAILER_AU,UNKNOWN,cards/laptops/49_msi-vector-gp78-hx-14v.md,,Passed gates,,49_msi-vector-gp78-hx-14v,Candidate,7,8,7,5,7,6.530,,,,,,,,,,,,,,,,,0.950,0.000,-0.327,6.203,GOOD_ENOUGH,,0.0,2.0,1.0,3.0,2769.0,,NO_WARRANTY; NO_RETURNS; BATTERY_UNDISCLOSED,,
hp-zbook-ultra-14-g1a,HP ZBook Ultra 14 G1a,ACTIVE,Laptop,laptop,Complete_System,UNKNOWN,UNKNOWN,UNKNOWN,UNKNOWN,16.0,14.0,UNKNOWN,UNKNOWN,No,Yes,UNKNOWN,UNKNOWN,UNKNOWN,UNKNOWN,UNKNOWN,UNKNOWN,UNKNOWN,cards/laptops/hp-zbook-ultra-14-g1a.md,,Passed gates,Price UNKNOWN — research required; Unverified — confirm specs before scoring; AU stock: UNKNOWN,hp-zbook-ultra-14-g1a,Candidate,7,2,7,8,7,6.200,,,,,,,,,,,,,,,,,1.000,0.000,0.000,6.200,NEEDS_REVIEW,price UNKNOWN; track/pathway unresolved; seller_class UNKNOWN for risk adjustment; source_platform UNKNOWN for risk adjustment,0.0,2.0,1.0,3.0,270.0,,NO_WARRANTY; NO_RETURNS; BATTERY_UNDISCLOSED,,
42_asus-rog-strix-g16-rtx-5080-2025,ASUS ROG Strix G16 (2025),ACTIVE,Laptop,laptop,Complete_System,UNKNOWN,UNKNOWN,NVIDIA RTX 5080 Laptop GPU (16 GB),16.0,UNKNOWN,16.0,UNKNOWN,4559.0,No,,UNKNOWN,UNKNOWN,UNKNOWN,UNKNOWN,UNKNOWN,UNKNOWN,UNKNOWN,cards/laptops/42_asus-rog-strix-g16-rtx-5080-2025.md,,Passed gates,Unverified — confirm specs before scoring; AU stock: UNKNOWN,42_asus-rog-strix-g16-rtx-5080-2025,Candidate,7,3,7,8,7,6.130,,,,,,,,,,,,,,,,,1.000,0.000,0.000,6.130,NEEDS_REVIEW,track/pathway unresolved; seller_class UNKNOWN for risk adjustment; source_platform UNKNOWN for risk adjustment,0.0,2.0,1.0,3.0,4829.0,,NO_WARRANTY; NO_RETURNS; BATTERY_UNDISCLOSED,,
intake-009,Lenovo Legion Pro 7i,ACTIVE,Laptop,laptop,Complete_System,UNKNOWN,UNKNOWN,RTX 4090 Mobile,16.0,UNKNOWN,UNKNOWN,UNKNOWN,4575.0,No,,New,UNKNOWN,Unverified,UNKNOWN,UNKNOWN,UNKNOWN,2026-05-05_notebooklm_batch1_processed,cards/laptops/intake-009_lenovo-legion-pro-7i.md,,Passed gates,Unverified — confirm specs before scoring; AU stock: UNKNOWN,intake-009,Candidate,7,3,7,8,7,6.130,,,,,,,,,,,,,,,,,1.000,0.000,0.000,6.130,NEEDS_REVIEW,track/pathway unresolved; seller_class UNKNOWN for risk adjustment; source_platform UNKNOWN for risk adjustment,0.0,2.0,1.0,3.0,4845.0,,NO_WARRANTY; NO_RETURNS; BATTERY_UNDISCLOSED,,
rfb-msi-titan-18hx-a14vig,MSI Titan 18 HX A14VIG (Refurbished),ACTIVE,Laptop,laptop,Complete_System,1,1A,NVIDIA GeForce RTX 4090 Laptop GPU (16 GB),16.0,UNKNOWN,18.0,UNKNOWN,4399.0,No,,Refurbished,hub by Triforce,Verified,Yes,REFURB_SELLER,MAJOR_RETAILER_AU,UNKNOWN,cards/laptops/rfb-msi-titan-18hx-a14vig.md,,Passed gates,,rfb-msi-titan-18hx-a14vig,Candidate,7,8,7,4,7,6.330,,,,,,,,,,,,,,,,,0.950,0.000,-0.317,6.013,GOOD_ENOUGH,,0.0,2.0,1.0,3.0,4669.0,,NO_WARRANTY; NO_RETURNS; BATTERY_UNDISCLOSED,,
intake-045,MSI Stealth A16 5080,ACTIVE,Laptop,laptop,Complete_System,UNKNOWN,UNKNOWN,RTX 5080 Mobile,16.0,UNKNOWN,UNKNOWN,UNKNOWN,4999.0,No,,New,UNKNOWN,Unverified,UNKNOWN,UNKNOWN,UNKNOWN,2026-05-05_notebooklm_batch1_processed,cards/laptops/intake-045_msi-stealth-a16-5080.md,,Passed gates,Unverified — confirm specs before scoring; AU stock: UNKNOWN,intake-045,Candidate,7,2,7,8,7,5.930,,,,,,,,,,,,,,,,,1.000,0.000,0.000,5.930,NEEDS_REVIEW,track/pathway unresolved; seller_class UNKNOWN for risk adjustment; source_platform UNKNOWN for risk adjustment,0.0,2.0,1.0,3.0,5269.0,,NO_WARRANTY; NO_RETURNS; BATTERY_UNDISCLOSED,,
054_alienware-m18-r2-rtx-4090-ebay-mkt-013,Dell Alienware M18 R2 165Hz QHD+ i9-14900HX 64GB 2TB RTX 4090 Very Good Refurb,GOOD ENOUGH,Laptop,laptop,Complete_System,1,1A,RTX 4090 Laptop,16.0,UNKNOWN,UNKNOWN,UNKNOWN,3950.0,No,,Refurbished,UNKNOWN,Needs Verification,No,UNKNOWN,UNKNOWN,UNKNOWN,cards/laptops/054_alienware-m18-r2-rtx-4090-ebay-mkt-013.md,,Passed gates,AU stock: No,054_alienware-m18-r2-rtx-4090-ebay-mkt-013,Candidate,7,5,7,5,7,5.830,,,,,,,,,,,,,,,,,1.000,0.000,0.000,5.830,NEEDS_REVIEW,screen size UNKNOWN; seller_class UNKNOWN for risk adjustment; source_platform UNKNOWN for risk adjustment,0.0,2.0,1.0,3.0,4220.0,2024,NO_WARRANTY; NO_RETURNS; BATTERY_UNDISCLOSED,,
055_alienware-m18-r2-rtx-4090-ebay-mkt-014,Dell Alienware M18 R2 165Hz QHD+ i9-14900HX 64GB 2TB RTX 4090,ACTIVE,Laptop,laptop,Complete_System,1,1A,RTX 4090 Laptop,16.0,UNKNOWN,UNKNOWN,UNKNOWN,3950.0,No,,Pre-owned,UNKNOWN,Needs Verification,No,UNKNOWN,UNKNOWN,UNKNOWN,cards/laptops/055_alienware-m18-r2-rtx-4090-ebay-mkt-014.md,,Passed gates,AU stock: No,055_alienware-m18-r2-rtx-4090-ebay-mkt-014,Candidate,7,5,7,5,7,5.830,,,,,,,,,,,,,,,,,1.000,0.000,0.000,5.830,NEEDS_REVIEW,screen size UNKNOWN; seller_class UNKNOWN for risk adjustment; source_platform UNKNOWN for risk adjustment,0.0,2.0,1.0,3.0,4220.0,2024,NO_WARRANTY; NO_RETURNS; BATTERY_UNDISCLOSED,,
intake-075,ASUS ROG Strix Scar 18 (RTX 4090) - eBay Sold Market Floor,ACTIVE,Laptop,laptop,Complete_System,1,1A,RTX 4090 Laptop,16.0,UNKNOWN,18.0,UNKNOWN,4200.0,No,,Pre-owned,UNKNOWN,Verified,No,UNKNOWN,UNKNOWN,UNKNOWN,cards/laptops/intake-075_asus-rog-strix-scar-18-ebay-sold.md,,Passed gates,AU stock: No,intake-075,Candidate,7,4,7,5,7,5.730,,,,,,,,,,,,,,,,,1.000,0.000,0.000,5.730,GOOD_ENOUGH,seller_class UNKNOWN for risk adjustment; source_platform UNKNOWN for risk adjustment,0.0,2.0,1.0,3.0,4470.0,,NO_WARRANTY; NO_RETURNS; BATTERY_UNDISCLOSED,,
21_lenovo-legion-pro-7i-rtx-4090,Lenovo Legion Pro 7i,ACTIVE,Laptop,laptop,Complete_System,UNKNOWN,UNKNOWN,NVIDIA RTX 4090 Laptop GPU (16 GB),16.0,UNKNOWN,16.0,UNKNOWN,UNKNOWN,No,Yes,UNKNOWN,UNKNOWN,UNKNOWN,UNKNOWN,UNKNOWN,UNKNOWN,UNKNOWN,cards/laptops/21_lenovo-legion-pro-7i-rtx-4090.md,,Passed gates,Price UNKNOWN — research required; Unverified — confirm specs before scoring; AU stock: UNKNOWN,21_lenovo-legion-pro-7i-rtx-4090,Candidate,7,2,7,5,7,5.600,,,,,,,,,,,,,,,,,1.000,0.000,0.000,5.600,NEEDS_REVIEW,price UNKNOWN; track/pathway unresolved; seller_class UNKNOWN for risk adjustment; source_platform UNKNOWN for risk adjustment,0.0,2.0,1.0,3.0,270.0,,NO_WARRANTY; NO_RETURNS; BATTERY_UNDISCLOSED,,
22_asus-rog-strix-scar-17-rtx-4090,Asus ROG Strix Scar 17 G733PY-LL021W,ACTIVE,Laptop,laptop,Complete_System,UNKNOWN,UNKNOWN,NVIDIA RTX 4090 Laptop GPU (16 GB),16.0,UNKNOWN,17.3,UNKNOWN,UNKNOWN,No,Yes,UNKNOWN,UNKNOWN,UNKNOWN,UNKNOWN,UNKNOWN,UNKNOWN,UNKNOWN,cards/laptops/22_asus-rog-strix-scar-17-rtx-4090.md,,Passed gates,Price UNKNOWN — research required; Unverified — confirm specs before scoring; AU stock: UNKNOWN,22_asus-rog-strix-scar-17-rtx-4090,Candidate,7,2,7,5,7,5.600,,,,,,,,,,,,,,,,,1.000,0.000,0.000,5.600,NEEDS_REVIEW,price UNKNOWN; track/pathway unresolved; seller_class UNKNOWN for risk adjustment; source_platform UNKNOWN for risk adjustment,0.0,2.0,1.0,3.0,270.0,,NO_WARRANTY; NO_RETURNS; BATTERY_UNDISCLOSED,,
23_asus-rog-strix-scar-18-rtx-4090,Asus ROG Strix Scar 18 G834JYR-R6037W,ACTIVE,Laptop,laptop,Complete_System,UNKNOWN,UNKNOWN,NVIDIA RTX 4090 Laptop GPU (16 GB),16.0,UNKNOWN,18.0,UNKNOWN,UNKNOWN,No,Yes,UNKNOWN,UNKNOWN,UNKNOWN,UNKNOWN,UNKNOWN,UNKNOWN,UNKNOWN,cards/laptops/23_asus-rog-strix-scar-18-rtx-4090.md,,Passed gates,Price UNKNOWN — research required; Unverified — confirm specs before scoring; AU stock: UNKNOWN,23_asus-rog-strix-scar-18-rtx-4090,Candidate,7,2,7,5,7,5.600,,,,,,,,,,,,,,,,,1.000,0.000,0.000,5.600,NEEDS_REVIEW,price UNKNOWN; track/pathway unresolved; seller_class UNKNOWN for risk adjustment; source_platform UNKNOWN for risk adjustment,0.0,2.0,1.0,3.0,270.0,,NO_WARRANTY; NO_RETURNS; BATTERY_UNDISCLOSED,,
24_msi-stealth-16-ai-studio-rtx-4090,MSI Stealth 16 AI Studio A1VIG,ACTIVE,Laptop,laptop,Complete_System,UNKNOWN,UNKNOWN,NVIDIA RTX 4090 Laptop GPU (16 GB),16.0,UNKNOWN,16.0,UNKNOWN,UNKNOWN,No,Yes,UNKNOWN,UNKNOWN,UNKNOWN,UNKNOWN,UNKNOWN,UNKNOWN,UNKNOWN,cards/laptops/24_msi-stealth-16-ai-studio-rtx-4090.md,,Passed gates,Price UNKNOWN — research required; Unverified — confirm specs before scoring; AU stock: UNKNOWN,24_msi-stealth-16-ai-studio-rtx-4090,Candidate,7,2,7,5,7,5.600,,,,,,,,,,,,,,,,,1.000,0.000,0.000,5.600,NEEDS_REVIEW,price UNKNOWN; track/pathway unresolved; seller_class UNKNOWN for risk adjustment; source_platform UNKNOWN for risk adjustment,0.0,2.0,1.0,3.0,270.0,,NO_WARRANTY; NO_RETURNS; BATTERY_UNDISCLOSED,,
intake-051,Acer Predator Helios 18,ACTIVE,Laptop,laptop,Complete_System,1,1A,RTX 4090 Mobile,16.0,UNKNOWN,UNKNOWN,UNKNOWN,4449.0,No,,Refurbished,UNKNOWN,Verified,Yes,UNKNOWN,UNKNOWN,2026-05-05_notebooklm_batch1_processed,cards/laptops/intake-051_acer-predator-helios-18.md,,Passed gates,,intake-051,Candidate,7,3,7,5,7,5.530,,,,,,,,,,,,,,,,,1.000,0.000,0.000,5.530,NEEDS_REVIEW,screen size UNKNOWN; seller_class UNKNOWN for risk adjustment; source_platform UNKNOWN for risk adjustment,0.0,2.0,1.0,3.0,4719.0,,NO_WARRANTY; NO_RETURNS; BATTERY_UNDISCLOSED,,
intake-079,Lenovo Legion Pro 7i Gen 10 16 (83F5X003R1) - Lenovo Outlet AU,ACTIVE,Laptop,laptop,Complete_System,1,1A,NVIDIA GeForce RTX 5070 Ti Laptop GPU,12.0,UNKNOWN,16.0,UNKNOWN,3288.45,No,,Certified Refurbished,Lenovo Outlet AU,"Verified (full page, 2026-05-13)",Yes,MANUFACTURER_AU,MANUFACTURER_AU,manual_user_submission,cards/laptops/intake-079_lenovo-legion-pro-7i-gen10-83f5x003r1-outlet.md,,Passed gates,,intake-079,Candidate,5,6,5,8,4,5.380,,,,,,,,,,,,,,,,,1.000,0.000,0.000,5.380,GOOD_ENOUGH,,0.0,2.0,1.0,3.0,3558.45,,NO_WARRANTY; NO_RETURNS; BATTERY_UNDISCLOSED,,
rfb-msi-raider-18hx-ai-a2xwig,MSI Raider 18HX AI A2XWIG (Refurbished),ACTIVE,Laptop,laptop,Complete_System,1,1A,NVIDIA RTX 5080 Laptop GPU (16 GB),16.0,UNKNOWN,18.0,UNKNOWN,4699.0,No,,Refurbished,JW Computers,Verified,Yes,REFURB_SELLER,MAJOR_RETAILER_AU,UNKNOWN,cards/laptops/rfb-msi-raider-18hx-ai-a2xwig.md,,Passed gates,,rfb-msi-raider-18hx-ai-a2xwig,Candidate,7,3,7,5,7,5.530,,,,,,,,,,,,,,,,,0.950,0.000,-0.277,5.253,GOOD_ENOUGH,,0.0,2.0,1.0,3.0,4969.0,,NO_WARRANTY; NO_RETURNS; BATTERY_UNDISCLOSED,,
47_asus-rog-strix-g18-2024-rtx4080,ASUS ROG Strix G18 (2024) — RTX 4080,ACTIVE,Laptop,laptop,Complete_System,UNKNOWN,UNKNOWN,NVIDIA RTX 4080 Laptop GPU (12 GB),12.0,UNKNOWN,18.0,UNKNOWN,2455.0,No,,UNKNOWN,UNKNOWN,UNKNOWN,UNKNOWN,UNKNOWN,UNKNOWN,UNKNOWN,cards/laptops/47_asus-rog-strix-g18-2024-rtx4080.md,,Passed gates,Unverified — confirm specs before scoring; AU stock: UNKNOWN,47_asus-rog-strix-g18-2024-rtx4080,Candidate,5,8,5,5,4,5.180,,,,,,,,,,,,,,,,,1.000,0.000,0.000,5.180,NEEDS_REVIEW,track/pathway unresolved; seller_class UNKNOWN for risk adjustment; source_platform UNKNOWN for risk adjustment,0.0,2.0,1.0,3.0,2725.0,,NO_WARRANTY; NO_RETURNS; BATTERY_UNDISCLOSED,,
36_lenovo-legion-9i-18-rtx-5080-ebay,"Lenovo Legion 9i Gen 10 18"" RTX 5080 (eBay)",BUY_CANDIDATE,Laptop,laptop,Complete_System,1,1A,NVIDIA RTX 5080 Laptop GPU (16 GB),16.0,UNKNOWN,18.0,UNKNOWN,4500.0,No,,UNKNOWN,UNKNOWN,Verified,Yes,MAJOR_RETAILER_AU,EBAY_AU,UNKNOWN,cards/laptops/36_lenovo-legion-9i-18-rtx-5080-ebay.md,,Passed gates,,36_lenovo-legion-9i-18-rtx-5080-ebay,Candidate,7,3,7,5,7,5.530,,,,,,,,,,,,,,,,,0.980,0.400,-0.511,5.019,GOOD_ENOUGH,,0.0,2.0,1.0,3.0,4770.0,,NO_WARRANTY; NO_RETURNS; BATTERY_UNDISCLOSED,,
44_asus-rog-strix-g16-rtx-5070ti-2025,ASUS ROG Strix G16 (2025) — RTX 5070 Ti,ACTIVE,Laptop,laptop,Complete_System,UNKNOWN,UNKNOWN,NVIDIA RTX 5070 Ti Laptop GPU (12 GB),12.0,UNKNOWN,16.0,UNKNOWN,4199.0,No,,UNKNOWN,UNKNOWN,UNKNOWN,UNKNOWN,UNKNOWN,UNKNOWN,UNKNOWN,cards/laptops/44_asus-rog-strix-g16-rtx-5070ti-2025.md,,Passed gates,Unverified — confirm specs before scoring; AU stock: UNKNOWN,44_asus-rog-strix-g16-rtx-5070ti-2025,Candidate,5,4,5,8,4,4.980,,,,,,,,,,,,,,,,,1.000,0.000,0.000,4.980,NEEDS_REVIEW,track/pathway unresolved; seller_class UNKNOWN for risk adjustment; source_platform UNKNOWN for risk adjustment,0.0,2.0,1.0,3.0,4469.0,,NO_WARRANTY; NO_RETURNS; BATTERY_UNDISCLOSED,,
intake-014,Lenovo ThinkPad T14 / T14s (Refurbished),ACTIVE,Laptop,laptop,Complete_System,UNKNOWN,UNKNOWN,UNKNOWN,UNKNOWN,UNKNOWN,UNKNOWN,UNKNOWN,800.0,No,,Refurbished,UNKNOWN,Unverified,UNKNOWN,UNKNOWN,UNKNOWN,2026-05-05_notebooklm_batch1_processed,cards/laptops/intake-014_lenovo-thinkpad-t14-t14s-refurbished.md,,Passed gates,Unverified — confirm specs before scoring; AU stock: UNKNOWN,intake-014,Candidate,3,10,3,8,0,4.680,,,,,,,,,,,,,,,,,1.000,0.000,0.000,4.680,NEEDS_REVIEW,track/pathway unresolved; seller_class UNKNOWN for risk adjustment; source_platform UNKNOWN for risk adjustment,0.0,2.0,1.0,3.0,1070.0,,NO_WARRANTY; NO_RETURNS; BATTERY_UNDISCLOSED,,
052_alienware-m18-r2-rtx-4080-ebay-mkt-011,Alienware M18 R2 18in 165Hz i9-14900HX 32GB 1TB RTX 4080,GOOD ENOUGH,Laptop,laptop,Complete_System,1,1A,RTX 4080 Laptop,12.0,UNKNOWN,UNKNOWN,UNKNOWN,3905.0,No,,Pre-owned,UNKNOWN,Needs Verification,No,UNKNOWN,UNKNOWN,UNKNOWN,cards/laptops/052_alienware-m18-r2-rtx-4080-ebay-mkt-011.md,,Passed gates,AU stock: No,052_alienware-m18-r2-rtx-4080-ebay-mkt-011,Candidate,5,5,5,5,4,4.480,,,,,,,,,,,,,,,,,1.000,0.000,0.000,4.480,NEEDS_REVIEW,screen size UNKNOWN; seller_class UNKNOWN for risk adjustment; source_platform UNKNOWN for risk adjustment,0.0,2.0,1.0,3.0,4175.0,2024,NO_WARRANTY; NO_RETURNS; BATTERY_UNDISCLOSED,,
053_alienware-m18-r2-rtx-4080-ebay-mkt-012,Dell Alienware M18 R2 165Hz QHD+ i9-14900HX 32GB 1TB RTX 4080-12GB,ACTIVE,Laptop,laptop,Complete_System,1,1A,RTX 4080 Laptop,12.0,UNKNOWN,UNKNOWN,UNKNOWN,3814.0,No,,Pre-owned,UNKNOWN,Needs Verification,No,UNKNOWN,UNKNOWN,UNKNOWN,cards/laptops/053_alienware-m18-r2-rtx-4080-ebay-mkt-012.md,,Passed gates,AU stock: No,053_alienware-m18-r2-rtx-4080-ebay-mkt-012,Candidate,5,5,5,5,4,4.480,,,,,,,,,,,,,,,,,1.000,0.000,0.000,4.480,NEEDS_REVIEW,screen size UNKNOWN; seller_class UNKNOWN for risk adjustment; source_platform UNKNOWN for risk adjustment,0.0,2.0,1.0,3.0,4084.0,2024,NO_WARRANTY; NO_RETURNS; BATTERY_UNDISCLOSED,,
intake-052,Acer Predator Helios Neo 16S AI RTX 5060,ACTIVE,Laptop,laptop,Complete_System,UNKNOWN,UNKNOWN,RTX 5060,8.0,UNKNOWN,UNKNOWN,UNKNOWN,2399.0,No,,Refurbished,UNKNOWN,Unverified,UNKNOWN,UNKNOWN,UNKNOWN,2026-05-05_notebooklm_batch1_processed,cards/laptops/intake-052_acer-predator-helios-neo-16s-ai-rtx-5060.md,,Passed gates,Unverified — confirm specs before scoring; AU stock: UNKNOWN,intake-052,Candidate,3,9,3,8,0,4.480,,,,,,,,,,,,,,,,,1.000,0.000,0.000,4.480,NEEDS_REVIEW,track/pathway unresolved; seller_class UNKNOWN for risk adjustment; source_platform UNKNOWN for risk adjustment,0.0,2.0,1.0,3.0,2669.0,,NO_WARRANTY; NO_RETURNS; BATTERY_UNDISCLOSED,,
41_asus-rog-strix-g18-rtx-5070ti-2025,ASUS ROG Strix G18 (2025),ACTIVE,Laptop,laptop,Complete_System,UNKNOWN,UNKNOWN,NVIDIA RTX 5070 Ti Laptop GPU (12 GB),12.0,UNKNOWN,18.0,UNKNOWN,4334.0,No,,UNKNOWN,UNKNOWN,UNKNOWN,UNKNOWN,UNKNOWN,UNKNOWN,UNKNOWN,cards/laptops/41_asus-rog-strix-g18-rtx-5070ti-2025.md,,Passed gates,Unverified — confirm specs before scoring; AU stock: UNKNOWN,41_asus-rog-strix-g18-rtx-5070ti-2025,Candidate,5,4,5,5,4,4.380,,,,,,,,,,,,,,,,,1.000,0.000,0.000,4.380,NEEDS_REVIEW,track/pathway unresolved; seller_class UNKNOWN for risk adjustment; source_platform UNKNOWN for risk adjustment,0.0,2.0,1.0,3.0,4604.0,,NO_WARRANTY; NO_RETURNS; BATTERY_UNDISCLOSED,,
40_msi-katana-17-hx,MSI Katana 17 HX,ACTIVE,Laptop,laptop,Complete_System,UNKNOWN,UNKNOWN,NVIDIA RTX 5070 Laptop GPU (8 GB),UNKNOWN,UNKNOWN,17.0,UNKNOWN,2798.0,No,,UNKNOWN,UNKNOWN,UNKNOWN,UNKNOWN,UNKNOWN,UNKNOWN,UNKNOWN,cards/laptops/40_msi-katana-17-hx.md,,Passed gates,Unverified — confirm specs before scoring; AU stock: UNKNOWN,40_msi-katana-17-hx,Candidate,3,8,3,8,0,4.280,,,,,,,,,,,,,,,,,1.000,0.000,0.000,4.280,NEEDS_REVIEW,track/pathway unresolved; seller_class UNKNOWN for risk adjustment; source_platform UNKNOWN for risk adjustment,0.0,2.0,1.0,3.0,3068.0,,NO_WARRANTY; NO_RETURNS; BATTERY_UNDISCLOSED,,
intake-078,Lenovo Yoga Book 9i Gen 9 13 (83FFXA01AU) - Lenovo Outlet AU,ACTIVE,Laptop,laptop,Complete_System,1,UNKNOWN,Integrated Intel Graphics,UNKNOWN,UNKNOWN,13.0,UNKNOWN,2402.95,No,,Certified Refurbished,Lenovo Outlet AU,"Verified (full page, 2026-05-13)",Yes,MANUFACTURER_AU,MANUFACTURER_AU,manual_user_submission,cards/laptops/intake-078_lenovo-yoga-book-9i-gen9-83ffxa01au-outlet.md,,Passed gates,,intake-078,Candidate,3,8,3,8,0,4.280,,,,,,,,,,,,,,,,,1.000,0.000,0.000,4.280,NEEDS_REVIEW,track/pathway unresolved,0.0,2.0,1.0,3.0,2672.95,,NO_WARRANTY; NO_RETURNS; BATTERY_UNDISCLOSED,,
mikepc_msi_raider_ge68_rtx4090,,BUY_CANDIDATE,Laptop,laptop,Complete_System,1,1A,NVIDIA GeForce RTX 4090 Laptop,UNKNOWN,UNKNOWN,16.0,UNKNOWN,2899.0,No,,Used (Excellent Cosmetic Condition),Mike's PC AU,Verified,Yes,UNKNOWN,UNKNOWN,manual_user_submission,cards/laptops/mikepc_msi_raider_ge68_rtx4090.md,,Passed gates,,mikepc_msi_raider_ge68_rtx4090,Candidate,3,7,3,8,0,4.080,,,,,,,,,,,,,,,,,1.000,0.000,0.000,4.080,NEEDS_REVIEW,VRAM UNKNOWN; seller_class UNKNOWN for risk adjustment; source_platform UNKNOWN for risk adjustment,0.0,2.0,1.0,3.0,3169.0,,NO_WARRANTY; NO_RETURNS; BATTERY_UNDISCLOSED,,
intake-053,ERAZER Major X20 RTX 4070,ACTIVE,Laptop,laptop,Complete_System,UNKNOWN,UNKNOWN,RTX 4070,8.0,UNKNOWN,16.0,UNKNOWN,2999.0,No,,New,UNKNOWN,Unverified,UNKNOWN,UNKNOWN,UNKNOWN,2026-05-05_notebooklm_batch1_processed,cards/laptops/intake-053_erazer-major-x20-rtx-4070.md,,Passed gates,Unverified — confirm specs before scoring; AU stock: UNKNOWN,intake-053,Candidate,3,7,3,8,0,4.080,,,,,,,,,,,,,,,,,1.000,0.000,0.000,4.080,NEEDS_REVIEW,track/pathway unresolved; seller_class UNKNOWN for risk adjustment; source_platform UNKNOWN for risk adjustment,0.0,2.0,1.0,3.0,3269.0,,NO_WARRANTY; NO_RETURNS; BATTERY_UNDISCLOSED,,
NBKHNB141202_hp_zbook_ultra_14_g1a,,BUY_CANDIDATE,Laptop,laptop,Complete_System,1B,1B,UNKNOWN,UNKNOWN,UNKNOWN,14.0,UNKNOWN,3699.0,No,,UNKNOWN,JW Computers,UNKNOWN,UNKNOWN,UNKNOWN,UNKNOWN,UNKNOWN,cards/laptops/NBKHNB141202_hp_zbook_ultra_14_g1a.md,,Passed gates,Unverified — confirm specs before scoring; AU stock: UNKNOWN,NBKHNB141202_hp_zbook_ultra_14_g1a,Candidate,3,5,3,8,0,3.680,,,,,,,,,,,,,,,,,1.000,0.000,0.000,3.680,NEEDS_REVIEW,unified memory UNKNOWN; Track 1B SoC not confirmed (requires Strix Halo / Ryzen AI Max / Apple Silicon / Approved UMA); seller_class UNKNOWN for risk adjustment; source_platform UNKNOWN for risk adjustment,0.0,2.0,1.0,3.0,3969.0,,NO_WARRANTY; NO_RETURNS; BATTERY_UNDISCLOSED,,
057_alienware-area-51-18-rtx-5070-ti-ebay-mkt-016,Alienware 18 Area-51 18in QHD+ Ultra 9 32GB 2TB RTX 5070 Ti,Watchlist,Laptop,laptop,Complete_System,1,1A,RTX 5070 Ti Laptop,UNKNOWN,UNKNOWN,UNKNOWN,UNKNOWN,2981.0,No,,Brand new,UNKNOWN,Needs Verification,No,UNKNOWN,UNKNOWN,UNKNOWN,cards/laptops/057_alienware-area-51-18-rtx-5070-ti-ebay-mkt-016.md,,Passed gates,AU stock: No,057_alienware-area-51-18-rtx-5070-ti-ebay-mkt-016,Candidate,3,7,3,5,0,3.480,,,,,,,,,,,,,,,,,1.000,0.000,0.000,3.480,NEEDS_REVIEW,VRAM UNKNOWN; screen size UNKNOWN; seller_class UNKNOWN for risk adjustment; source_platform UNKNOWN for risk adjustment,0.0,2.0,1.0,3.0,3251.0,,NO_WARRANTY; NO_RETURNS; BATTERY_UNDISCLOSED,,
RZ09-0511_razer_blade_14,,WATCHLIST,Laptop,laptop,Complete_System,1,1A,NVIDIA GeForce RTX 5060 Laptop GPU,UNKNOWN,UNKNOWN,14.0,UNKNOWN,3100.0,No,,New,DigiDirect,Verified,Yes,UNKNOWN,UNKNOWN,manual_user_submission,cards/laptops/RZ09-0511_razer_blade_14.md,,Passed gates,,RZ09-0511_razer_blade_14,Candidate,3,7,3,5,0,3.480,,,,,,,,,,,,,,,,,1.000,0.000,0.000,3.480,NEEDS_REVIEW,VRAM UNKNOWN; screen size below Track 1A floor (16 in); seller_class UNKNOWN for risk adjustment; source_platform UNKNOWN for risk adjustment,0.0,2.0,1.0,3.0,3370.0,,NO_WARRANTY; NO_RETURNS; BATTERY_UNDISCLOSED,,
aa182502898_alienware_18_area_51,,BUY_CANDIDATE,Laptop,laptop,Complete_System,1,1A,NVIDIA GeForce RTX 5080 Laptop GPU,UNKNOWN,UNKNOWN,18.0,UNKNOWN,3179.0,No,,Refurbished,Dell Outlet Australia,User Verified,Yes,UNKNOWN,UNKNOWN,manual_user_submission,cards/laptops/aa182502898_alienware_18_area_51.md,,Passed gates,,aa182502898_alienware_18_area_51,Candidate,3,7,3,5,0,3.480,,,,,,,,,,,,,,,,,1.000,0.000,0.000,3.480,NEEDS_REVIEW,VRAM UNKNOWN; seller_class UNKNOWN for risk adjustment; source_platform UNKNOWN for risk adjustment,0.0,2.0,1.0,3.0,3449.0,,NO_WARRANTY; NO_RETURNS; BATTERY_UNDISCLOSED,,
intake-073,Alienware 18 Area-51 (RTX 5070 8GB),REJECTED_BELOW_FLOOR,Laptop,laptop,Complete_System,1,1A,NVIDIA GeForce RTX 5070 Laptop,UNKNOWN,UNKNOWN,18.0,UNKNOWN,3179.0,No,,Used (Replacement unit),UNKNOWN,Verified (User provided specs),Yes,UNKNOWN,UNKNOWN,manual_user_submission,cards/laptops/intake-073_ebay-shortlink-hxqmlu.md,,Passed gates,,intake-073,Candidate,3,7,3,5,0,3.480,,,,,,,,,,,,,,,,,1.000,0.000,0.000,3.480,NEEDS_REVIEW,VRAM UNKNOWN; seller_class UNKNOWN for risk adjustment; source_platform UNKNOWN for risk adjustment,0.0,2.0,1.0,3.0,3449.0,,NO_WARRANTY; NO_RETURNS; BATTERY_UNDISCLOSED,,
intake-072,HP ZBook Ultra 14 G1a,ACTIVE,Laptop,laptop,Complete_System,UNKNOWN,UNKNOWN,Radeon 8060S,UNKNOWN,UNKNOWN,14.0,UNKNOWN,UNKNOWN,No,Yes,New,UNKNOWN,Needs Verification,UNKNOWN,UNKNOWN,UNKNOWN,2026-05-05_notebooklm_batch1_processed,cards/laptops/intake-072_hp-zbook-ultra-14-g1a.md,,Passed gates,Price UNKNOWN — research required; AU stock: UNKNOWN,intake-072,Candidate,3,2,3,8,0,3.350,,,,,,,,,,,,,,,,,1.000,0.000,0.000,3.350,NEEDS_REVIEW,price UNKNOWN; track/pathway unresolved; seller_class UNKNOWN for risk adjustment; source_platform UNKNOWN for risk adjustment,0.0,2.0,1.0,3.0,270.0,,NO_WARRANTY; NO_RETURNS; BATTERY_UNDISCLOSED,,
lenovo-legion-pro-7-5080-centrecom,,BUY_CANDIDATE,Laptop,laptop,Complete_System,1,1A,NVIDIA GeForce RTX 5080 Laptop GPU,UNKNOWN,UNKNOWN,16.0,UNKNOWN,4699.0,No,,New,Centre Com,Verified,Yes,UNKNOWN,UNKNOWN,manual_user_submission,cards/laptops/lenovo-legion-pro-7-5080-centrecom.md,,Passed gates,,lenovo-legion-pro-7-5080-centrecom,Candidate,3,3,3,8,0,3.280,,,,,,,,,,,,,,,,,1.000,0.000,0.000,3.280,NEEDS_REVIEW,VRAM UNKNOWN; seller_class UNKNOWN for risk adjustment; source_platform UNKNOWN for risk adjustment,0.0,2.0,1.0,3.0,4969.0,,NO_WARRANTY; NO_RETURNS; BATTERY_UNDISCLOSED,,
39_msi-raider-a18-hx-refurb,MSI Raider A18 HX (Remanufactured),ACTIVE,Laptop,laptop,Complete_System,UNKNOWN,UNKNOWN,NVIDIA RTX 4080 Laptop GPU (12 GB),UNKNOWN,UNKNOWN,18.0,UNKNOWN,3972.0,No,,UNKNOWN,UNKNOWN,UNKNOWN,UNKNOWN,UNKNOWN,UNKNOWN,UNKNOWN,cards/laptops/39_msi-raider-a18-hx-refurb.md,,Passed gates,Unverified — confirm specs before scoring; AU stock: UNKNOWN,39_msi-raider-a18-hx-refurb,Candidate,3,5,3,5,0,3.080,,,,,,,,,,,,,,,,,1.000,0.000,0.000,3.080,NEEDS_REVIEW,track/pathway unresolved; seller_class UNKNOWN for risk adjustment; source_platform UNKNOWN for risk adjustment,0.0,2.0,1.0,3.0,4242.0,,NO_WARRANTY; NO_RETURNS; BATTERY_UNDISCLOSED,,
laptop4134_alienware_m18_r2,,BUY_CANDIDATE,Laptop,laptop,Complete_System,1,1A,NVIDIA GeForce RTX 4090 Laptop GPU,UNKNOWN,UNKNOWN,18.0,UNKNOWN,3899.1,No,,Refurbished,Dell Outlet Australia,User Verified,Yes,UNKNOWN,UNKNOWN,manual_user_submission,cards/laptops/laptop4134_alienware_m18_r2.md,,Passed gates,,laptop4134_alienware_m18_r2,Candidate,3,5,3,5,0,3.080,,,,,,,,,,,,,,,,,1.000,0.000,0.000,3.080,NEEDS_REVIEW,VRAM UNKNOWN; seller_class UNKNOWN for risk adjustment; source_platform UNKNOWN for risk adjustment,0.0,2.0,1.0,3.0,4169.1,,NO_WARRANTY; NO_RETURNS; BATTERY_UNDISCLOSED,,
056_alienware-area-51-18-rtx-5070-ti-ebay-mkt-015,Dell Laptop Alienware 18 Area-51 18in Ultra 9 275HX 2TB RTX 5070 Ti,Watchlist,Laptop,laptop,Complete_System,1,1A,RTX 5070 Ti Laptop,UNKNOWN,UNKNOWN,UNKNOWN,UNKNOWN,UNKNOWN,No,Yes,Brand new,UNKNOWN,Needs Verification,No,UNKNOWN,UNKNOWN,UNKNOWN,cards/laptops/056_alienware-area-51-18-rtx-5070-ti-ebay-mkt-015.md,,Passed gates,Price UNKNOWN — research required; AU stock: No,056_alienware-area-51-18-rtx-5070-ti-ebay-mkt-015,Candidate,3,2,3,5,0,2.750,,,,,,,,,,,,,,,,,1.000,0.000,0.000,2.750,NEEDS_REVIEW,price UNKNOWN; VRAM UNKNOWN; screen size UNKNOWN; seller_class UNKNOWN for risk adjustment; source_platform UNKNOWN for risk adjustment,0.0,2.0,1.0,3.0,270.0,,NO_WARRANTY; NO_RETURNS; BATTERY_UNDISCLOSED,,
asus-zenbook-duo-ux8406,ASUS Zenbook Duo UX8406,ACTIVE,Laptop,laptop,Complete_System,UNKNOWN,UNKNOWN,Intel Arc Graphics (Integrated),UNKNOWN,UNKNOWN,14.0,UNKNOWN,UNKNOWN,No,Yes,UNKNOWN,UNKNOWN,UNKNOWN,UNKNOWN,UNKNOWN,UNKNOWN,UNKNOWN,cards/laptops/asus-zenbook-duo-ux8406.md,,Passed gates,Price UNKNOWN — research required; Unverified — confirm specs before scoring; AU stock: UNKNOWN,asus-zenbook-duo-ux8406,Candidate,3,2,3,5,0,2.750,,,,,,,,,,,,,,,,,1.000,0.000,0.000,2.750,NEEDS_REVIEW,price UNKNOWN; track/pathway unresolved; seller_class UNKNOWN for risk adjustment; source_platform UNKNOWN for risk adjustment,0.0,2.0,1.0,3.0,270.0,,NO_WARRANTY; NO_RETURNS; BATTERY_UNDISCLOSED,,
34_asus-tuf-gaming-a16-strix-halo,ASUS TUF Gaming A16 — AMD Strix Halo (Ryzen AI Max),ACTIVE,Laptop,laptop,Complete_System,UNKNOWN,UNKNOWN,AMD Radeon 890M / integrated Strix Halo GPU (unified),3264.0,UNKNOWN,16.0,UNKNOWN,UNKNOWN,No,Yes,UNKNOWN,UNKNOWN,UNKNOWN,UNKNOWN,UNKNOWN,UNKNOWN,UNKNOWN,cards/laptops/34_asus-tuf-gaming-a16-strix-halo.md,,Passed gates,Price UNKNOWN — research required; Unverified — confirm specs before scoring; AU stock: UNKNOWN,34_asus-tuf-gaming-a16-strix-halo,Candidate,3,2,3,5,0,2.750,,,,,,,,,,,,,,,,,1.000,0.000,0.000,2.750,NEEDS_REVIEW,price UNKNOWN; track/pathway unresolved; seller_class UNKNOWN for risk adjustment; source_platform UNKNOWN for risk adjustment,0.0,2.0,1.0,3.0,270.0,,NO_WARRANTY; NO_RETURNS; BATTERY_UNDISCLOSED,,
GZ302EA-RU004W_rog_flow_z13,,BUY_CANDIDATE,Laptop,laptop,Complete_System,1,1B,AMD Radeon 8060S (Strix Halo Integrated),UNKNOWN,UNKNOWN,13.4,UNKNOWN,4499.0,No,,New,ASUS Australia,Verified,Yes,UNKNOWN,UNKNOWN,manual_user_submission,cards/laptops/GZ302EA-RU004W_rog_flow_z13.md,,Passed gates,,GZ302EA-RU004W_rog_flow_z13,Candidate,3,3,3,5,0,2.680,,,,,,,,,,,,,,,,,1.000,0.000,0.000,2.680,NEEDS_REVIEW,unified memory UNKNOWN; seller_class UNKNOWN for risk adjustment; source_platform UNKNOWN for risk adjustment,0.0,2.0,1.0,3.0,4769.0,,NO_WARRANTY; NO_RETURNS; BATTERY_UNDISCLOSED,,
NBKMSI182020_msi_stealth_18_hx,,PARKED_BELOW_FLOOR,Laptop,laptop,Complete_System,1A,1A,NVIDIA GeForce RTX 5070 Ti Laptop,UNKNOWN,UNKNOWN,18.0,Flagged,4403.81,No,,UNKNOWN,PB Tech,UNKNOWN,UNKNOWN,UNKNOWN,UNKNOWN,UNKNOWN,cards/laptops/NBKMSI182020_msi_stealth_18_hx.md,,Passed gates,Unverified — confirm specs before scoring; AU stock: UNKNOWN,NBKMSI182020_msi_stealth_18_hx,Candidate,3,3,3,5,0,2.680,,,,,,,,,,,,,,,,,1.000,0.000,0.000,2.680,NEEDS_REVIEW,VRAM UNKNOWN; seller_class UNKNOWN for risk adjustment; source_platform UNKNOWN for risk adjustment,0.0,2.0,1.0,3.0,4673.81,,NO_WARRANTY; NO_RETURNS; BATTERY_UNDISCLOSED,,
A2XWJG-078AU_msi_vector_17_hx,,BUY_CANDIDATE,Laptop,laptop,Complete_System,1A,1A,NVIDIA GeForce RTX 5080 Laptop,UNKNOWN,UNKNOWN,17.0,Flagged,4999.0,No,,UNKNOWN,MSY (User Verified),UNKNOWN,UNKNOWN,UNKNOWN,UNKNOWN,UNKNOWN,cards/laptops/A2XWJG-078AU_msi_vector_17_hx.md,,Passed gates,Unverified — confirm specs before scoring; AU stock: UNKNOWN,A2XWJG-078AU_msi_vector_17_hx,Candidate,3,2,3,5,0,2.480,,,,,,,,,,,,,,,,,1.000,0.000,0.000,2.480,NEEDS_REVIEW,VRAM UNKNOWN; seller_class UNKNOWN for risk adjustment; source_platform UNKNOWN for risk adjustment,0.0,2.0,1.0,3.0,5269.0,,NO_WARRANTY; NO_RETURNS; BATTERY_UNDISCLOSED,,
37_lenovo-legion-9i-gen10-direct,,BUY_CANDIDATE,Laptop,laptop,Complete_System,1,1A,NVIDIA RTX 5080 (16 GB) or RTX 5090 (24 GB) Laptop GPU,UNKNOWN,UNKNOWN,18.0,UNKNOWN,6279.0,Yes,,New,Lenovo AU Direct (EDU/Pro + Cashback),User Verified (effective price),Yes,UNKNOWN,UNKNOWN,manual_user_submission,cards/laptops/37_lenovo-legion-9i-gen10-direct.md,,Passed gates,"Exceeds $5,000 AUD budget (price: $6,279.00)",37_lenovo-legion-9i-gen10-direct,Candidate,3,0,3,5,0,2.350,,,,,,,,,,,,,,,,,1.000,0.000,0.000,2.350,NEEDS_REVIEW,price > Track 1 cap (5000 AUD); VRAM UNKNOWN; seller_class UNKNOWN for risk adjustment; source_platform UNKNOWN for risk adjustment,0.0,2.0,1.0,3.0,6549.0,,NO_WARRANTY; NO_RETURNS; BATTERY_UNDISCLOSED,,
A9WIG-082US_msi_raider_a18_hx,,WATCHLIST,Laptop,laptop,Complete_System,1,1A,NVIDIA GeForce RTX 5080 Laptop GPU,UNKNOWN,UNKNOWN,18.0,UNKNOWN,5359.0,Yes,,New,B&H Photo (US Import),Verified,No,UNKNOWN,UNKNOWN,manual_user_submission,cards/laptops/A9WIG-082US_msi_raider_a18_hx.md,,Passed gates,"Exceeds $5,000 AUD budget (price: $5,359.00); AU stock: No",A9WIG-082US_msi_raider_a18_hx,Candidate,3,1,3,5,0,2.350,,,,,,,,,,,,,,,,,1.000,0.000,0.000,2.350,NEEDS_REVIEW,price > Track 1 cap (5000 AUD); VRAM UNKNOWN; seller_class UNKNOWN for risk adjustment; source_platform UNKNOWN for risk adjustment,0.0,2.0,1.0,3.0,5629.0,,NO_WARRANTY; NO_RETURNS; BATTERY_UNDISCLOSED,,
