"checkbox__unchecked href","m-item-3-col__column--image href","m-image src","m-item-3-col__title--link","BOLD","m-item-3-col__text","m-item-3-col__text 2","PSEUDOLINK href","PSEUDOLINK","clipped","m-text","m-text href","clipped 2","default","default href","default 2","default href 2","btn__cell","fake-menu-button__item href","fake-menu-button__item","fake-menu-button__item 2","fake-menu-button__item 3","icon href 5","m-item-3-col__text 3","fake-menu-button__item href 2","fake-menu-button__item href 3","fake-menu-button__item 4","fake-menu-button__item 5","icon href 6","m-text 2","clipped 3","DEFAULT 2"
"[object Object]","https://www.ebay.com.au/itm/188023133892","https://i.ebayimg.com/images/g/gUAAAeSwznxqRvVh/s-l500.jpg","Dell Precision 7760 Intel i5 11500H 2.90GHz 32GB RAM 256GB SSD 17.3"" Win 11 - B","AU $802.00","Or Buy It Now","Free postage","https://www.ebay.com.au/usr/bneacttrader","bneacttrader","username","99.40% (53231)","https://www.ebay.com.au/fdbk/feedback_profile/bneacttrader","Feedback score is 53231 for bneacttrader","View similar items","https://www.ebay.com.au/sch/i.html?_id=188023133892&_nkw=Dell+Precision+7760+Intel+i5+11500H+2.90GHz+32GB+RAM+256GB+SSD+17.3%22+Win+11+-+B+","View seller's other items","https://www.ebay.com.au/sch/bneacttrader/m.html","More actions","https://contact.ebay.com.au/ws/eBayISAPI.dll?FindAnswers&requested=bneacttrader&redirect=0&iid=188023133892","Contact seller","Help & report","Add note to self","[object Object]","","","","","","","","",""
"[object Object]","https://www.ebay.com.au/itm/127719846029","https://i.ebayimg.com/images/g/3jMAAeSwsTBpVO~M/s-l500.jpg","Dell Precision 7560 15"" Touch FHD Core Xenon 10th1.5 TB SSD 64GB 16 GB RTX A4000","AU $1,976.30","Or Buy It Now","Free postage","https://www.ebay.com.au/usr/prabhat.business","prabhat.business","username","100% (8)","https://www.ebay.com.au/fdbk/feedback_profile/prabhat.business","Feedback score is 8 for prabhat.business","Buy It Now","https://www.ebay.com.au/itm/127719846029","Make Best Offer","https://www.ebay.com.au/itm/127719846029","More actions","https://www.ebay.com.au/sch/prabhat.business/m.html","View seller's other items","View similar items","Contact seller","[object Object]","Used","https://www.ebay.com.au/sch/i.html?_id=127719846029&_nkw=Dell+Precision+7560+15%22+Touch+FHD+Core+Xenon+10th1.5+TB+SSD+64GB+16+GB+RTX+A4000","https://contact.ebay.com.au/ws/eBayISAPI.dll?FindAnswers&requested=prabhat.business&redirect=0&iid=127719846029","Help & report","Add note to self","[object Object]","","",""
"[object Object]","https://www.ebay.com.au/itm/137199585020","https://i.ebayimg.com/images/g/CrQAAeSwFVNp0rB7/s-l500.jpg","ROG Zephyrus Duo GX650RX 3080ti 4K","AU $3,172.77*","Or Buy It Now","+AU $1,122.83","https://www.ebay.com.au/usr/haopa4","haopa4","username","100% (18)","https://www.ebay.com.au/fdbk/feedback_profile/haopa4","Feedback score is 18 for haopa4","Buy It Now","https://www.ebay.com.au/itm/137199585020","Make Best Offer","https://www.ebay.com.au/itm/137199585020","More actions","https://www.ebay.com.au/sch/haopa4/m.html","View seller's other items","View similar items","Contact seller","[object Object]","Used","https://www.ebay.com.au/sch/i.html?_id=137199585020&_nkw=ROG+Zephyrus+Duo+GX650RX+3080ti+4K","https://contact.ebay.com.au/ws/eBayISAPI.dll?FindAnswers&requested=haopa4&redirect=0&iid=137199585020","Help & report","Add note to self","[object Object]","* Converted from US $2,200.00","Postage","19 watching"
"[object Object]","https://www.ebay.com.au/itm/315419401198","https://i.ebayimg.com/images/g/RnYAAOSwDVZmYSpi/s-l500.jpg","ASUS ROG Strix SCAR 16"" QHD 240Hz Gaming Laptop i9-13980HX 32GB 1TB SSD RTX 4080","AU $3,664.99","Or Buy It Now","Local pickup","https://www.ebay.com.au/usr/georgewts_75","georgewts_75","username","0% (20)","https://www.ebay.com.au/fdbk/feedback_profile/georgewts_75","Feedback score is 20 for georgewts_75","Buy It Now","https://www.ebay.com.au/itm/315419401198","Make Best Offer","https://www.ebay.com.au/itm/315419401198","More actions","https://www.ebay.com.au/sch/georgewts_75/m.html","View seller's other items","View similar items","Contact seller","[object Object]","Used","https://www.ebay.com.au/sch/i.html?_id=315419401198&_nkw=ASUS+ROG+Strix+SCAR+16%22+QHD+240Hz+Gaming+Laptop+i9-13980HX+32GB+1TB+SSD+RTX+4080","https://contact.ebay.com.au/ws/eBayISAPI.dll?FindAnswers&requested=georgewts_75&redirect=0&iid=315419401198","Help & report","Add note to self","[object Object]","","","74 watching"
"[object Object]","https://www.ebay.com.au/itm/267631290423","https://i.ebayimg.com/images/g/260AAeSw2QVp04rh/s-l500.jpg","HP ZBook Power 16 G11 Workstation 16"" WUXGA Touch Ultra 9 185H 64GB RAM 2TB SSD","AU $4,799.00","Or Buy It Now","Free postage","https://www.ebay.com.au/usr/un-tech","un-tech","username","99.70% (12739)","https://www.ebay.com.au/fdbk/feedback_profile/un-tech","Feedback score is 12739 for un-tech","Buy It Now","https://www.ebay.com.au/itm/267631290423","View seller's other items","https://www.ebay.com.au/sch/un-tech/m.html","More actions","https://www.ebay.com.au/sch/i.html?_id=267631290423&_nkw=HP+ZBook+Power+16+G11+Workstation+16%22+WUXGA+Touch+Ultra+9+185H+64GB+RAM+2TB+SSD","View similar items","Contact seller","Help & report","[object Object]","","https://contact.ebay.com.au/ws/eBayISAPI.dll?FindAnswers&requested=un-tech&redirect=0&iid=267631290423","","Add note to self","","[object Object]","","",""
"[object Object]","https://www.ebay.com.au/itm/267691382054","https://i.ebayimg.com/images/g/ksQAAeSwm-VqI~0E/s-l500.jpg","Gigabyte Aorus Master 18"" U9 275HX RTX 5090 32GB 2TB QHD 240Hz Mini LED Laptop","AU $5,205.52*","Or Buy It Now","+ Postage","https://www.ebay.com.au/usr/geoff_lee367","geoff_lee367","username","100% (5774)","https://www.ebay.com.au/fdbk/feedback_profile/geoff_lee367","Feedback score is 5774 for geoff_lee367","View similar items","https://www.ebay.com.au/sch/i.html?_id=267691382054&_nkw=Gigabyte+Aorus+Master+18%22+U9+275HX+RTX+5090+32GB+2TB+QHD+240Hz+Mini+LED+Laptop","View seller's other items","https://www.ebay.com.au/sch/geoff_lee367/m.html","More actions","https://contact.ebay.com.au/ws/eBayISAPI.dll?FindAnswers&requested=geoff_lee367&redirect=0&iid=267691382054","Contact seller","Help & report","Add note to self","","Used","","","","","","* Converted from GBP 2,699.00","",""
"[object Object]","https://www.ebay.com.au/itm/236740339258","https://i.ebayimg.com/images/g/SOwAAeSw0Wxp09zd/s-l500.jpg","ASUS ROG ZEPHYRUS DUO 16.0"" LAPTOP RYZEN 7 6800H 3.20GHz RTX-3070Ti 32GB 512GB","AU $2,311.20*","Or Buy It Now","+AU $319.02","https://www.ebay.com.au/usr/faieq32","faieq32","username","99.40% (985)","https://www.ebay.com.au/fdbk/feedback_profile/faieq32","Feedback score is 985 for faieq32","Buy It Now","https://www.ebay.com.au/itm/236740339258","View seller's other items","https://www.ebay.com.au/sch/faieq32/m.html","More actions","https://www.ebay.com.au/sch/i.html?_id=236740339258&_nkw=ASUS+ROG+ZEPHYRUS+DUO+16.0%22+LAPTOP+RYZEN+7+6800H+3.20GHz+RTX-3070Ti+32GB+512GB","View similar items","Contact seller","Help & report","[object Object]","Used","https://contact.ebay.com.au/ws/eBayISAPI.dll?FindAnswers&requested=faieq32&redirect=0&iid=236740339258","","Add note to self","","","* Converted from GBP 1,198.33","Postage","28 watching"
"[object Object]","https://www.ebay.com.au/itm/178206278028","https://i.ebayimg.com/images/g/WOcAAeSwF~Fprmn7/s-l500.jpg","Asus ROG G635LW Strix Scar 16 Ultra 9 275HX 32GB RAM 1TB SSD RTX5080 16"" 2.5K","AU $4,227.50","Or Buy It Now","Free postage","https://www.ebay.com.au/usr/treasure_pc_online","treasure_pc_online","username","100% (16010)","https://www.ebay.com.au/fdbk/feedback_profile/treasure_pc_online","Feedback score is 16010 for treasure_pc_online","Buy It Now","https://www.ebay.com.au/itm/178206278028","View seller's other items","https://www.ebay.com.au/sch/treasure_pc_online/m.html","More actions","https://www.ebay.com.au/sch/i.html?_id=178206278028&_nkw=Asus+ROG+G635LW+Strix+Scar+16+Ultra+9+275HX+32GB+RAM+1TB+SSD+RTX5080+16%22+2.5K","View similar items","Contact seller","Help & report","[object Object]","","https://contact.ebay.com.au/ws/eBayISAPI.dll?FindAnswers&requested=treasure_pc_online&redirect=0&iid=178206278028","","Add note to self","","[object Object]","","",""
"[object Object]","https://www.ebay.com.au/itm/406841817003","https://i.ebayimg.com/images/g/Ry4AAeSws0dqGZuh/s-l500.jpg","Dell Precision 7550 Laptop: i7-10850H 32GB RAM 1TB SSD Quadro RTX 5000 Warranty","AU $2,196.77*","Or Buy It Now","+AU $246.18","https://www.ebay.com.au/usr/greengreenstore","greengreenstore","username","100% (2474)","https://www.ebay.com.au/fdbk/feedback_profile/greengreenstore","Feedback score is 2474 for greengreenstore","Buy It Now","https://www.ebay.com.au/itm/406841817003","View in cart","https://cart.payments.ebay.com.au/sc/view?","More actions","https://www.ebay.com.au/sch/greengreenstore/m.html","View seller's other items","View similar items","Contact seller","[object Object]","Used","https://www.ebay.com.au/sch/i.html?_id=406841817003&_nkw=Dell+Precision+7550+Laptop%3A+i7-10850H+32GB+RAM+1TB+SSD+Quadro+RTX+5000+Warranty","https://contact.ebay.com.au/ws/eBayISAPI.dll?FindAnswers&requested=greengreenstore&redirect=0&iid=406841817003","Help & report","Add note to self","[object Object]","* Converted from GBP 1,139.00","Postage",""
"[object Object]","https://www.ebay.com.au/itm/117240217407?var=417202217204","https://i.ebayimg.com/images/g/vSEAAeSwav5qOpDR/s-l500.jpg","HP ZBook Fury 16 G9 16"" 12th Gen i7/i9 16/64GB RAM 256/1TB SSD RTX3000A GPU, G","AU $2,216.06*","Or Buy It Now","+AU $225.52","https://www.ebay.com.au/usr/orbit365_uk","orbit365_uk","username","99.90% (7245)","https://www.ebay.com.au/fdbk/feedback_profile/orbit365_uk","Feedback score is 7245 for orbit365_uk","Buy It Now","https://www.ebay.com.au/itm/117240217407?var=417202217204","View in cart","https://cart.payments.ebay.com.au/sc/view?","More actions","https://www.ebay.com.au/sch/orbit365_uk/m.html","View seller's other items","View similar items","Contact seller","[object Object]","Good - Refurbished","https://www.ebay.com.au/sch/i.html?_id=117240217407&_nkw=HP+ZBook+Fury+16+G9+16%22+12th+Gen+i7%2Fi9+16%2F64GB+RAM+256%2F1TB+SSD+RTX3000A+GPU%2C+G","https://contact.ebay.com.au/ws/eBayISAPI.dll?FindAnswers&requested=orbit365_uk&redirect=0&iid=117240217407","Help & report","Add note to self","[object Object]","* Converted from GBP 1,149.00","Postage","19 watching"
"[object Object]","https://www.ebay.com.au/itm/198170918806","https://i.ebayimg.com/images/g/SuYAAeSwrBRo55zI/s-l500.jpg","Dell Precision 7750 Laptop 17.3” 32GB RAM |  1 TB SSD | 16GB GPU","AU $1,200.00","Or Buy It Now","+AU $20.00","https://www.ebay.com.au/usr/zinc_techno","zinc_techno","username","94.70% (51)","https://www.ebay.com.au/fdbk/feedback_profile/zinc_techno","Feedback score is 51 for zinc_techno","Buy It Now","https://www.ebay.com.au/itm/198170918806","Make Best Offer","https://www.ebay.com.au/itm/198170918806","More actions","https://www.ebay.com.au/sch/zinc_techno/m.html","View seller's other items","View similar items","Contact seller","[object Object]","Used","https://www.ebay.com.au/sch/i.html?_id=198170918806&_nkw=Dell+Precision+7750+Laptop+17.3%E2%80%9D+32GB+RAM+%7C++1+TB+SSD+%7C+16GB+GPU","https://contact.ebay.com.au/ws/eBayISAPI.dll?FindAnswers&requested=zinc_techno&redirect=0&iid=198170918806","Help & report","Add note to self","[object Object]","","Postage",""
"[object Object]","https://www.ebay.com.au/itm/267696137396","https://i.ebayimg.com/images/g/PQEAAeSwz-5qKqop/s-l500.jpg","MSI Raider GE78HX i9 13980HX RTX 4090 32GB 2TB QHD 240Hz Gaming Laptop","AU $3,469.70*","Or Buy It Now","+ Postage","https://www.ebay.com.au/usr/geoff_lee367","geoff_lee367","username","100% (5774)","https://www.ebay.com.au/fdbk/feedback_profile/geoff_lee367","Feedback score is 5774 for geoff_lee367","View similar items","https://www.ebay.com.au/sch/i.html?_id=267696137396&_nkw=MSI+Raider+GE78HX+i9+13980HX+RTX+4090+32GB+2TB+QHD+240Hz+Gaming+Laptop","View seller's other items","https://www.ebay.com.au/sch/geoff_lee367/m.html","More actions","https://contact.ebay.com.au/ws/eBayISAPI.dll?FindAnswers&requested=geoff_lee367&redirect=0&iid=267696137396","Contact seller","Help & report","Add note to self","","Used","","","","","","* Converted from GBP 1,799.00","",""
"[object Object]","https://www.ebay.com.au/itm/800005839650","https://i.ebayimg.com/images/g/YpYAAeSwNN9oxUf-/s-l500.jpg","Acer Predator Helios Neo 18 AI - 18.0"" Intel Core Ultra 9 275HX - GeForce RTX 50","AU $3,640.74*","Or Buy It Now","+AU $1,061.83","https://www.ebay.com.au/usr/newegg","newegg","username","99.50% (1075337)","https://www.ebay.com.au/fdbk/feedback_profile/newegg","Feedback score is 1075337 for newegg","Buy It Now","https://www.ebay.com.au/itm/800005839650","View seller's other items","https://www.ebay.com.au/sch/newegg/m.html","More actions","https://www.ebay.com.au/sch/i.html?_id=800005839650&_nkw=Acer+Predator+Helios+Neo+18+AI+-+18.0%22+Intel+Core+Ultra+9+275HX+-+GeForce+RTX+50","View similar items","Contact seller","Help & report","[object Object]","Brand New","https://contact.ebay.com.au/ws/eBayISAPI.dll?FindAnswers&requested=newegg&redirect=0&iid=800005839650","","Add note to self","","","* Converted from US $2,524.49","Postage",""
"[object Object]","https://www.ebay.com.au/itm/358672186388","https://i.ebayimg.com/images/g/xvAAAeSwFcFqLGXZ/s-l500.jpg","Acer Predator Helios 18” Gaming Laptop, 250Hz, RTX 4090, I9-14900HX, 32GB, 1TB","AU $3,648.67*","Or Buy It Now","+AU $918.99","https://www.ebay.com.au/usr/laptop-goods","laptop-goods","username","99.90% (80530)","https://www.ebay.com.au/fdbk/feedback_profile/laptop-goods","Feedback score is 80530 for laptop-goods","Buy It Now","https://www.ebay.com.au/itm/358672186388","View in cart","https://cart.payments.ebay.com.au/sc/view?","More actions","https://www.ebay.com.au/sch/laptop-goods/m.html","View seller's other items","View similar items","Contact seller","[object Object]","Excellent - Refurbished","https://www.ebay.com.au/sch/i.html?_id=358672186388&_nkw=Acer+Predator+Helios+18%E2%80%9D+Gaming+Laptop%2C+250Hz%2C+RTX+4090%2C+I9-14900HX%2C+32GB%2C+1TB","https://contact.ebay.com.au/ws/eBayISAPI.dll?FindAnswers&requested=laptop-goods&redirect=0&iid=358672186388","Help & report","Add note to self","[object Object]","* Converted from US $2,529.99","Postage",""
"[object Object]","https://www.ebay.com.au/itm/278082458240","https://i.ebayimg.com/images/g/GPkAAeSwQJpqLHG2/s-l500.jpg","Lenovo ThinkPad P15 Gen 2 FHD i7-11800H 2.30GHz 32GB 1TB SSD RTX A4000 Very Good","AU $1,427.73*","Or Buy It Now","+AU $405.47","https://www.ebay.com.au/usr/itsworthmore","itsworthmore","username","99.60% (163144)","https://www.ebay.com.au/fdbk/feedback_profile/itsworthmore","Feedback score is 163144 for itsworthmore","View similar items","https://www.ebay.com.au/sch/i.html?_id=278082458240&_nkw=Lenovo+ThinkPad+P15+Gen+2+FHD+i7-11800H+2.30GHz+32GB+1TB+SSD+RTX+A4000+Very+Good","View seller's other items","https://www.ebay.com.au/sch/itsworthmore/m.html","More actions","https://contact.ebay.com.au/ws/eBayISAPI.dll?FindAnswers&requested=itsworthmore&redirect=0&iid=278082458240","Contact seller","Help & report","Add note to self","","Very Good - Refurbished","","","","","","* Converted from US $989.99","Postage",""
"[object Object]","https://www.ebay.com.au/itm/236876060237","https://i.ebayimg.com/images/g/dA4AAeSwPQVqMrqk/s-l500.jpg","LENOVO THINKPAD P16 | CORE i9 | RTX A4500 GFX | 64GB | 2TB | 3840x2400 | WRNTY","AU $3,728.01*","Or Buy It Now","+AU $932.62","https://www.ebay.com.au/usr/bit-by-bit-electronics","bit-by-bit-electronics","username","99.70% (9239)","https://www.ebay.com.au/fdbk/feedback_profile/bit-by-bit-electronics","Feedback score is 9239 for bit-by-bit-electronics","View similar items","https://www.ebay.com.au/sch/i.html?_id=236876060237&_nkw=LENOVO+THINKPAD+P16+%7C+CORE+i9+%7C+RTX+A4500+GFX+%7C+64GB+%7C+2TB+%7C+3840x2400+%7C+WRNTY","View seller's other items","https://www.ebay.com.au/sch/bit-by-bit-electronics/m.html","More actions","https://contact.ebay.com.au/ws/eBayISAPI.dll?FindAnswers&requested=bit-by-bit-electronics&redirect=0&iid=236876060237","Contact seller","Help & report","Add note to self","","Very Good - Refurbished","","","","","","* Converted from US $2,585.00","Postage",""
"[object Object]","https://www.ebay.com.au/itm/397837419713","https://i.ebayimg.com/images/g/0msAAeSwbrVpEsvA/s-l500.jpg","ASUS ROG Zephyrus duo 16"" QHD 240Hz Gaming Laptop Ryzen 9 32GB 1TB SSD RTX 4080","AU $2,974.70","Or Buy It Now","Free postage","https://www.ebay.com.au/usr/eversmen","eversmen","username","100% (46)","https://www.ebay.com.au/fdbk/feedback_profile/eversmen","Feedback score is 46 for eversmen","Buy It Now","https://www.ebay.com.au/itm/397837419713","Make Best Offer","https://www.ebay.com.au/itm/397837419713","More actions","https://www.ebay.com.au/sch/eversmen/m.html","View seller's other items","View similar items","Contact seller","[object Object]","Used","https://www.ebay.com.au/sch/i.html?_id=397837419713&_nkw=ASUS+ROG+Zephyrus+duo+16%22+QHD+240Hz+Gaming+Laptop+Ryzen+9+32GB+1TB+SSD+RTX+4080","https://contact.ebay.com.au/ws/eBayISAPI.dll?FindAnswers&requested=eversmen&redirect=0&iid=397837419713","Help & report","Add note to self","[object Object]","","","84 watching"
"[object Object]","https://www.ebay.com.au/itm/366348476691","https://i.ebayimg.com/images/g/fUQAAeSwZDpqOj5B/s-l500.jpg","HP OMEN MAX Gaming Laptop 16""WQXGA AI 9 HX 375 32GB 1TBSSD RTX5080","AU $4,249.00","Or Buy It Now","Free postage","https://www.ebay.com.au/usr/hp_official","hp_official","username","99.30% (3290)","https://www.ebay.com.au/fdbk/feedback_profile/hp_official","Feedback score is 3290 for hp_official","Buy It Now","https://www.ebay.com.au/itm/366348476691","View in cart","https://cart.payments.ebay.com.au/sc/view?","More actions","https://www.ebay.com.au/sch/hp_official/m.html","View seller's other items","View similar items","Contact seller","[object Object]","Brand New","https://www.ebay.com.au/sch/i.html?_id=366348476691&_nkw=HP+OMEN+MAX+Gaming+Laptop+16%22WQXGA+AI+9+HX+375+32GB+1TBSSD+RTX5080","https://contact.ebay.com.au/ws/eBayISAPI.dll?FindAnswers&requested=hp_official&redirect=0&iid=366348476691","Help & report","Add note to self","[object Object]","","40 watching","25 sold"
"[object Object]","https://www.ebay.com.au/itm/366348476692","https://i.ebayimg.com/images/g/O-gAAeSw9fxqOjyX/s-l500.jpg","HP OMEN MAX Gaming Laptop16"" OLED Ultra 9 275HX 32GB 1TB SSD RTX5080","AU $4,799.00","Or Buy It Now","Free postage","https://www.ebay.com.au/usr/hp_official","hp_official","username","99.30% (3290)","https://www.ebay.com.au/fdbk/feedback_profile/hp_official","Feedback score is 3290 for hp_official","View similar items","https://www.ebay.com.au/sch/i.html?_id=366348476692&_nkw=HP+OMEN+MAX+Gaming+Laptop16%22+OLED+Ultra+9+275HX+32GB+1TB+SSD+RTX5080","View seller's other items","https://www.ebay.com.au/sch/hp_official/m.html","More actions","https://contact.ebay.com.au/ws/eBayISAPI.dll?FindAnswers&requested=hp_official&redirect=0&iid=366348476692","Contact seller","Help & report","Add note to self","","Brand New","","","","","","","",""
"[object Object]","https://www.ebay.com.au/itm/358683902569","https://i.ebayimg.com/images/g/2fcAAeSwrrZqMF88/s-l500.jpg","Dell Precision 7670 16"" i9-12950HX RTX 3080 Ti 16GB 64GB RAM 512GB SSD Win11 Pro","AU $2,064.00*","Or Buy It Now","+AU $571.98","https://www.ebay.com.au/usr/igpered-0","igpered-0","username","99.70% (694)","https://www.ebay.com.au/fdbk/feedback_profile/igpered-0","Feedback score is 694 for igpered-0","Buy It Now","https://www.ebay.com.au/itm/358683902569","Make Best Offer","https://www.ebay.com.au/itm/358683902569","More actions","https://cart.payments.ebay.com.au/sc/view?","View in cart","View seller's other items","View similar items","[object Object]","Used","https://www.ebay.com.au/sch/igpered-0/m.html","https://www.ebay.com.au/sch/i.html?_id=358683902569&_nkw=Dell+Precision+7670+16%22+i9-12950HX+RTX+3080+Ti+16GB+64GB+RAM+512GB+SSD+Win11+Pro","Contact seller","Help & report","[object Object]","* Converted from US $1,431.18","Postage","30 watching"
"[object Object]","https://www.ebay.com.au/itm/358683915614","https://i.ebayimg.com/images/g/l7oAAeSw6B9qMF~U/s-l500.jpg","Dell Precision 7670 16"" i9-12950HX RTX 3080 Ti 16GB 8GB RAM 512GB SSD Win11 Pro","AU $1,695.17*","Or Buy It Now","+AU $494.85","https://www.ebay.com.au/usr/igpered-0","igpered-0","username","99.70% (694)","https://www.ebay.com.au/fdbk/feedback_profile/igpered-0","Feedback score is 694 for igpered-0","Buy It Now","https://www.ebay.com.au/itm/358683915614","Make Best Offer","https://www.ebay.com.au/itm/358683915614","More actions","https://cart.payments.ebay.com.au/sc/view?","View in cart","View seller's other items","View similar items","[object Object]","Used","https://www.ebay.com.au/sch/igpered-0/m.html","https://www.ebay.com.au/sch/i.html?_id=358683915614&_nkw=Dell+Precision+7670+16%22+i9-12950HX+RTX+3080+Ti+16GB+8GB+RAM+512GB+SSD+Win11+Pro","Contact seller","Help & report","[object Object]","* Converted from US $1,175.43","Postage","16 watching"
"[object Object]","https://www.ebay.com.au/itm/278093444445","https://i.ebayimg.com/images/g/g7kAAeSw50hqR0EK/s-l500.jpg","Acer Predator Helios Neo 18 "" 250hz U9 16gb Ddr5 1tb SSD RTX 5070 8gb W11 Pro _","AU $3,551.00","Or Buy It Now","Free postage","https://www.ebay.com.au/usr/simpletek-italia","simpletek-italia","username","100% (31309)","https://www.ebay.com.au/fdbk/feedback_profile/simpletek-italia","Feedback score is 31309 for simpletek-italia","Buy It Now","https://www.ebay.com.au/itm/278093444445","Make Best Offer","https://www.ebay.com.au/itm/278093444445","More actions","https://www.ebay.com.au/sch/simpletek-italia/m.html","View seller's other items","View similar items","Contact seller","[object Object]","","https://www.ebay.com.au/sch/i.html?_id=278093444445&_nkw=Acer+Predator+Helios+Neo+18+%22+250hz+U9+16gb+Ddr5+1tb+SSD+RTX+5070+8gb+W11+Pro+_","https://contact.ebay.com.au/ws/eBayISAPI.dll?FindAnswers&requested=simpletek-italia&redirect=0&iid=278093444445","Help & report","Add note to self","[object Object]","","",""
"[object Object]","https://www.ebay.com.au/itm/267641691840","https://i.ebayimg.com/images/g/KvoAAeSw6Ytpv1s6/s-l500.jpg","MSI Vector 18 HX AI 18in 240Hz Ultra 9 275HX RTX 5080 1TB SSD 32gb DDR5","AU $4,170.70","Or Buy It Now","Free postage","https://www.ebay.com.au/usr/a2db25","a2db25","username","100% (498)","https://www.ebay.com.au/fdbk/feedback_profile/a2db25","Feedback score is 498 for a2db25","Buy It Now","https://www.ebay.com.au/itm/267641691840","Make Best Offer","https://www.ebay.com.au/itm/267641691840","More actions","https://www.ebay.com.au/sch/a2db25/m.html","View seller's other items","View similar items","Contact seller","[object Object]","Used","https://www.ebay.com.au/sch/i.html?_id=267641691840&_nkw=MSI+Vector+18+HX+AI+18in+240Hz+Ultra+9+275HX+RTX+5080+1TB+SSD+32gb+DDR5","https://contact.ebay.com.au/ws/eBayISAPI.dll?FindAnswers&requested=a2db25&redirect=0&iid=267641691840","Help & report","Add note to self","[object Object]","","",""
"[object Object]","https://www.ebay.com.au/itm/227393223080","https://i.ebayimg.com/images/g/170AAeSwZDpqMvIm/s-l500.jpg","Dell Precision 7780 17.3"" i9-13950HX 2.2GHz 64GB RAM 1TB SSD RTX 3500 Ada","AU $3,331.39*","Or Buy It Now","+AU $854.27","https://www.ebay.com.au/usr/paymore_fort_thomas","paymore_fort_thomas","username","99.50% (5721)","https://www.ebay.com.au/fdbk/feedback_profile/paymore_fort_thomas","Feedback score is 5721 for paymore_fort_thomas","Buy It Now","https://www.ebay.com.au/itm/227393223080","View seller's other items","https://www.ebay.com.au/sch/paymore_fort_thomas/m.html","More actions","https://www.ebay.com.au/sch/i.html?_id=227393223080&_nkw=Dell+Precision+7780+17.3%22+i9-13950HX+2.2GHz+64GB+RAM+1TB+SSD+RTX+3500+Ada","View similar items","Contact seller","Help & report","[object Object]","Used","https://contact.ebay.com.au/ws/eBayISAPI.dll?FindAnswers&requested=paymore_fort_thomas&redirect=0&iid=227393223080","","Add note to self","","","* Converted from US $2,309.99","Postage",""
"[object Object]","https://www.ebay.com.au/itm/277903442793","https://i.ebayimg.com/images/g/Y~4AAeSwl5xp4oqO/s-l500.jpg","Acer Predator Triton 14 AI 14 120Hz TOUCH 3.3GHz Ultra 9 288V 32GB 2TB RTX 5070","AU $2,823.75*","Or Buy It Now","+AU $891.00","https://www.ebay.com.au/usr/itsworthmore","itsworthmore","username","99.60% (163144)","https://www.ebay.com.au/fdbk/feedback_profile/itsworthmore","Feedback score is 163144 for itsworthmore","Buy It Now","https://www.ebay.com.au/itm/277903442793","View seller's other items","https://www.ebay.com.au/sch/itsworthmore/m.html","More actions","https://www.ebay.com.au/sch/i.html?_id=277903442793&_nkw=Acer+Predator+Triton+14+AI+14+120Hz+TOUCH+3.3GHz+Ultra+9+288V+32GB+2TB+RTX+5070","View similar items","Contact seller","Help & report","[object Object]","Excellent - Refurbished","https://contact.ebay.com.au/ws/eBayISAPI.dll?FindAnswers&requested=itsworthmore&redirect=0&iid=277903442793","","Add note to self","","","* Converted from US $1,957.99","Postage","15 watching"
"[object Object]","https://www.ebay.com.au/itm/198363360068","https://i.ebayimg.com/images/g/o1EAAeSwmGVpCur4/s-l500.jpg","Asus GX650PV ROG Zephyrus Duo16 R9 7945HX 32GB RAM 1TB SSD RTX4060 16"" + 14"" W11","AU $2,611.55","Or Buy It Now","Free postage","https://www.ebay.com.au/usr/treasure_pc_online","treasure_pc_online","username","100% (16010)","https://www.ebay.com.au/fdbk/feedback_profile/treasure_pc_online","Feedback score is 16010 for treasure_pc_online","Buy It Now","https://www.ebay.com.au/itm/198363360068","View seller's other items","https://www.ebay.com.au/sch/treasure_pc_online/m.html","More actions","https://www.ebay.com.au/sch/i.html?_id=198363360068&_nkw=Asus+GX650PV+ROG+Zephyrus+Duo16+R9+7945HX+32GB+RAM+1TB+SSD+RTX4060+16%22+%2B+14%22+W11","View similar items","Contact seller","Help & report","[object Object]","","https://contact.ebay.com.au/ws/eBayISAPI.dll?FindAnswers&requested=treasure_pc_online&redirect=0&iid=198363360068","","Add note to self","","[object Object]","","","21 watching"
"[object Object]","https://www.ebay.com.au/itm/800200905473","https://i.ebayimg.com/images/g/sr0AAeSwURVqM6Ya/s-l500.jpg","Razer Blade 18 i9 14900HX RTX 4090 32GB 2TB QHD 300Hz Mini LED Gaming Laptop","AU $3,026.70","Or Buy It Now","Free postage","https://www.ebay.com.au/usr/madelinodri-0","madelinodri-0","username","0% (0)","https://www.ebay.com.au/fdbk/feedback_profile/madelinodri-0","Feedback score is 0 for madelinodri-0","Buy It Now","https://www.ebay.com.au/itm/800200905473","Make Best Offer","https://www.ebay.com.au/itm/800200905473","More actions","https://www.ebay.com.au/sch/madelinodri-0/m.html","View seller's other items","View similar items","Contact seller","[object Object]","Used","https://www.ebay.com.au/sch/i.html?_id=800200905473&_nkw=Razer+Blade+18+i9+14900HX+RTX+4090+32GB+2TB+QHD+300Hz+Mini+LED+Gaming+Laptop","https://contact.ebay.com.au/ws/eBayISAPI.dll?FindAnswers&requested=madelinodri-0&redirect=0&iid=800200905473","Help & report","Add note to self","[object Object]","","","13 watching"
"[object Object]","https://www.ebay.com.au/itm/147384310689","https://i.ebayimg.com/images/g/aqUAAeSw~DVqNHRC/s-l500.jpg","Lenovo ThinkPad P15 Gen 1 15.6"" 4K OLED Touch Xeon W-10885M 64GB RAM 2TB SSD RTX","AU $2,140.04*","Or Buy It Now","+AU $576.03","https://www.ebay.com.au/usr/veteranpcpartners","veteranpcpartners","username","100% (9605)","https://www.ebay.com.au/fdbk/feedback_profile/veteranpcpartners","Feedback score is 9605 for veteranpcpartners","View similar items","https://www.ebay.com.au/sch/i.html?_id=147384310689&_nkw=Lenovo+ThinkPad+P15+Gen+1+15.6%22+4K+OLED+Touch+Xeon+W-10885M+64GB+RAM+2TB+SSD+RTX","View seller's other items","https://www.ebay.com.au/sch/veteranpcpartners/m.html","More actions","https://contact.ebay.com.au/ws/eBayISAPI.dll?FindAnswers&requested=veteranpcpartners&redirect=0&iid=147384310689","Contact seller","Help & report","Add note to self","","Used","","","","","","* Converted from US $1,483.90","Postage",""
"","","","","","","","","","","","","","","","","","","","","","","[object Object]","","","","","","[object Object]","","",""
"[object Object]","https://www.ebay.com.au/itm/327221351223","https://i.ebayimg.com/images/g/RpUAAeSwSoNqNOeB/s-l500.jpg","Dell Precision 7670 Workstation i9 64GB RTX A4500 1.5TB 4K Touch Win 11 Pro AI","AU $3,545.66","Or Buy It Now","+AU $33.06","https://www.ebay.com.au/usr/$ellbay","$ellbay","username","100% (2269)","https://www.ebay.com.au/fdbk/feedback_profile/%24ellbay","Feedback score is 2269 for $ellbay","Buy It Now","https://www.ebay.com.au/itm/327221351223","View in cart","https://cart.payments.ebay.com.au/sc/view?","More actions","https://www.ebay.com.au/sch/$ellbay/m.html","View seller's other items","View similar items","Contact seller","[object Object]","Used","https://www.ebay.com.au/sch/i.html?_id=327221351223&_nkw=Dell+Precision+7670+Workstation+i9+64GB+RTX+A4500+1.5TB+4K+Touch+Win+11+Pro+AI","https://contact.ebay.com.au/ws/eBayISAPI.dll?FindAnswers&requested=%24ellbay&redirect=0&iid=327221351223","Help & report","Add note to self","[object Object]","","Postage",""
"[object Object]","https://www.ebay.com.au/itm/357485578512","https://i.ebayimg.com/images/g/LngAAeSwEZtqRQt1/s-l500.jpg","ASUS TUF Gaming A18 FA808UP-S8017 / FreeDOS 18"" RTX5070 AMD 7 260 16GB/512GB","AU $2,853.20","Or Buy It Now","Free postage","https://www.ebay.com.au/usr/dw_store13","dw_store13","username","99.40% (9523)","https://www.ebay.com.au/fdbk/feedback_profile/dw_store13","Feedback score is 9523 for dw_store13","Buy It Now","https://www.ebay.com.au/itm/357485578512","View seller's other items","https://www.ebay.com.au/sch/dw_store13/m.html","More actions","https://www.ebay.com.au/sch/i.html?_id=357485578512&_nkw=ASUS+TUF+Gaming+A18+FA808UP-S8017+%2F+FreeDOS+18%22+RTX5070+AMD+7+260+16GB%2F512GB","View similar items","Contact seller","Help & report","[object Object]","Brand New","https://contact.ebay.com.au/ws/eBayISAPI.dll?FindAnswers&requested=dw_store13&redirect=0&iid=357485578512","","Add note to self","","","","",""
"[object Object]","https://www.ebay.com.au/itm/336647723910","https://i.ebayimg.com/images/g/vsUAAeSwFNhqNbLP/s-l500.jpg","Predator Helios 18 AI Gaming Laptop CU9 275HX 192 GB 5 TB SSD RTX 5090 18"" W 11","AU $8,317.07*","Or Buy It Now","+AU $696.60","https://www.ebay.com.au/usr/henry.simonds90","henry.simonds90","username","0% (89)","https://www.ebay.com.au/fdbk/feedback_profile/henry.simonds90","Feedback score is 89 for henry.simonds90","Buy It Now","https://www.ebay.com.au/itm/336647723910","Make Best Offer","https://www.ebay.com.au/itm/336647723910","More actions","https://www.ebay.com.au/sch/henry.simonds90/m.html","View seller's other items","View similar items","Contact seller","[object Object]","Opened – never used","https://www.ebay.com.au/sch/i.html?_id=336647723910&_nkw=Predator+Helios+18+AI+Gaming+Laptop+CU9+275HX+192+GB+5+TB+SSD+RTX+5090+18%22+W+11","https://contact.ebay.com.au/ws/eBayISAPI.dll?FindAnswers&requested=henry.simonds90&redirect=0&iid=336647723910","Help & report","Add note to self","[object Object]","* Converted from GBP 4,312.30","Postage",""
"[object Object]","https://www.ebay.com.au/itm/326825976757","https://i.ebayimg.com/images/g/IZwAAeSwFSFqKbHA/s-l500.jpg","ThinkPad P15 Gen 2 i9 5.0GHz RTX A5000 4K UHD HDR 600Nits 64GB 2TB Premier+ADP","AU $3,344.95","Or Buy It Now","Free postage","https://www.ebay.com.au/usr/thinkdevices","thinkdevices","username","100% (1656)","https://www.ebay.com.au/fdbk/feedback_profile/thinkdevices","Feedback score is 1656 for thinkdevices","Buy It Now","https://www.ebay.com.au/itm/326825976757","View in cart","https://cart.payments.ebay.com.au/sc/view?","More actions","https://www.ebay.com.au/sch/thinkdevices/m.html","View seller's other items","View similar items","Contact seller","[object Object]","Brand New","https://www.ebay.com.au/sch/i.html?_id=326825976757&_nkw=ThinkPad+P15+Gen+2+i9+5.0GHz+RTX+A5000+4K+UHD+HDR+600Nits+64GB+2TB+Premier%2BADP","https://contact.ebay.com.au/ws/eBayISAPI.dll?FindAnswers&requested=thinkdevices&redirect=0&iid=326825976757","Help & report","Add note to self","[object Object]","","","18 watching"
"[object Object]","https://www.ebay.com.au/itm/366491967195","https://i.ebayimg.com/images/g/FxoAAeSwnKhqNhyK/s-l500.jpg","ASUS ExpertBook 14 14' FHD Notebook AMD Ryzen 5 150 DDR5 16GB 512GB SSD Win11","AU $1,562.99","Or Buy It Now","Free postage","https://www.ebay.com.au/usr/tech_aussie","tech_aussie","username","100% (981)","https://www.ebay.com.au/fdbk/feedback_profile/tech_aussie","Feedback score is 981 for tech_aussie","Buy It Now","https://www.ebay.com.au/itm/366491967195","View seller's other items","https://www.ebay.com.au/sch/tech_aussie/m.html","More actions","https://www.ebay.com.au/sch/i.html?_id=366491967195&_nkw=ASUS+ExpertBook+14+14%27+FHD+Notebook+AMD+Ryzen+5+150+DDR5+16GB+512GB+SSD+Win11","View similar items","Contact seller","Help & report","[object Object]","Brand New","https://contact.ebay.com.au/ws/eBayISAPI.dll?FindAnswers&requested=tech_aussie&redirect=0&iid=366491967195","","Add note to self","","","","",""
"[object Object]","https://www.ebay.com.au/itm/188296491379","https://i.ebayimg.com/images/g/9joAAeSwiYpqRzFm/s-l500.jpg","Dell Precision 7670 Intel i7 12850HX 4.80GHz 32GB RAM 1TB SSD RTX A3000 16"" Win","AU $1,249.00","Or Buy It Now","Free postage","https://www.ebay.com.au/usr/bneacttrader","bneacttrader","username","99.40% (53231)","https://www.ebay.com.au/fdbk/feedback_profile/bneacttrader","Feedback score is 53231 for bneacttrader","View similar items","https://www.ebay.com.au/sch/i.html?_id=188296491379&_nkw=Dell+Precision+7670+Intel+i7+12850HX+4.80GHz+32GB+RAM+1TB+SSD+RTX+A3000+16%22+Win+","View seller's other items","https://www.ebay.com.au/sch/bneacttrader/m.html","More actions","https://contact.ebay.com.au/ws/eBayISAPI.dll?FindAnswers&requested=bneacttrader&redirect=0&iid=188296491379","Contact seller","Help & report","Add note to self","[object Object]","","","","","","","","",""
"[object Object]","https://www.ebay.com.au/itm/358135333685","https://i.ebayimg.com/images/g/eqIAAeSwKwBqRUqZ/s-l500.jpg","ASUS ROG Strix G18 18"" i9-13980HX RTX4060 16GB/512GB Gaming Laptop / G814JV-N602","AU $3,576.71","Or Buy It Now","+AU $92.27","https://www.ebay.com.au/usr/dw_store13","dw_store13","username","99.40% (9523)","https://www.ebay.com.au/fdbk/feedback_profile/dw_store13","Feedback score is 9523 for dw_store13","Buy It Now","https://www.ebay.com.au/itm/358135333685","View seller's other items","https://www.ebay.com.au/sch/dw_store13/m.html","More actions","https://www.ebay.com.au/sch/i.html?_id=358135333685&_nkw=ASUS+ROG+Strix+G18+18%22+i9-13980HX+RTX4060+16GB%2F512GB+Gaming+Laptop+%2F+G814JV-N602","View similar items","Contact seller","Help & report","[object Object]","Brand New","https://contact.ebay.com.au/ws/eBayISAPI.dll?FindAnswers&requested=dw_store13&redirect=0&iid=358135333685","","Add note to self","","","","Postage",""
"[object Object]","https://www.ebay.com.au/itm/267581800889","https://i.ebayimg.com/images/g/iDUAAeSw~vRpmKgO/s-l500.jpg","Alienware Aurora R12 Gaming PC i9 11900K 32GB RAM 2TB SSD RTX 3090 Win 11","AU $2,999.00","Or Buy It Now","Free postage","https://www.ebay.com.au/usr/un-tech","un-tech","username","99.70% (12739)","https://www.ebay.com.au/fdbk/feedback_profile/un-tech","Feedback score is 12739 for un-tech","View similar items","https://www.ebay.com.au/sch/i.html?_id=267581800889&_nkw=Alienware+Aurora+R12+Gaming+PC+i9+11900K+32GB+RAM+2TB+SSD+RTX+3090+Win+11","View seller's other items","https://www.ebay.com.au/sch/un-tech/m.html","More actions","https://contact.ebay.com.au/ws/eBayISAPI.dll?FindAnswers&requested=un-tech&redirect=0&iid=267581800889","Contact seller","Help & report","Add note to self","[object Object]","","","","","","","","",""
"[object Object]","https://www.ebay.com.au/itm/277283436885","https://i.ebayimg.com/images/g/v7kAAeSwbktpUf31/s-l500.jpg","AORUS 17X AZF 17.3"" 2560x1440 240Hz i9-13950HX 32GB 2TB SSD RTX 4090 W11H","AU $3,965.95*","Or Buy It Now","+AU $945.14","https://www.ebay.com.au/usr/ave_electronics","ave_electronics","username","100% (17824)","https://www.ebay.com.au/fdbk/feedback_profile/ave_electronics","Feedback score is 17824 for ave_electronics","Buy It Now","https://www.ebay.com.au/itm/277283436885","View in cart","https://cart.payments.ebay.com.au/sc/view?","More actions","https://www.ebay.com.au/sch/ave_electronics/m.html","View seller's other items","View similar items","Contact seller","[object Object]","Very Good - Refurbished","https://www.ebay.com.au/sch/i.html?_id=277283436885&_nkw=AORUS+17X+AZF+17.3%22+2560x1440+240Hz+i9-13950HX+32GB+2TB+SSD+RTX+4090+W11H","https://contact.ebay.com.au/ws/eBayISAPI.dll?FindAnswers&requested=ave_electronics&redirect=0&iid=277283436885","Help & report","Add note to self","[object Object]","* Converted from US $2,749.99","Postage",""
"[object Object]","https://www.ebay.com.au/itm/286722685916","https://i.ebayimg.com/images/g/XKMAAeSwXhZofs6h/s-l500.jpg","13th gen i7 HP Zbook Studio G10 16"" WUXGA Laptop, i7-13700H, 32GB RAM, 1TB SSD,","AU $2,900.00","Or Buy It Now","+AU $20.00","https://www.ebay.com.au/usr/nisul2014","nisul2014","username","97.90% (744)","https://www.ebay.com.au/fdbk/feedback_profile/nisul2014","Feedback score is 744 for nisul2014","Buy It Now","https://www.ebay.com.au/itm/286722685916","View seller's other items","https://www.ebay.com.au/sch/nisul2014/m.html","More actions","https://www.ebay.com.au/sch/i.html?_id=286722685916&_nkw=13th+gen+i7+HP+Zbook+Studio+G10+16%22+WUXGA+Laptop%2C+i7-13700H%2C+32GB+RAM%2C+1TB+SSD%2C","View similar items","Contact seller","Help & report","[object Object]","Brand New","https://contact.ebay.com.au/ws/eBayISAPI.dll?FindAnswers&requested=nisul2014&redirect=0&iid=286722685916","","Add note to self","","","","Postage","9 watching"
"[object Object]","https://www.ebay.com.au/itm/389927241205","https://i.ebayimg.com/images/g/oMkAAeSwpl9pYIi6/s-l500.jpg","DELL PRECISION 5570 15.6"" 4K TOUCH, i9 12900H 32GB 1TB SSD RTX A2000 8GB WIN 11","AU $1,349.10","Or Buy It Now","Free postage","https://www.ebay.com.au/usr/pro-pc-so","pro-pc-so","username","99.70% (1562)","https://www.ebay.com.au/fdbk/feedback_profile/pro-pc-so","Feedback score is 1562 for pro-pc-so","View similar items","https://www.ebay.com.au/sch/i.html?_id=389927241205&_nkw=DELL+PRECISION+5570+15.6%22+4K+TOUCH%2C+i9+12900H+32GB+1TB+SSD+RTX+A2000+8GB+WIN+11","View seller's other items","https://www.ebay.com.au/sch/pro-pc-so/m.html","More actions","https://contact.ebay.com.au/ws/eBayISAPI.dll?FindAnswers&requested=pro-pc-so&redirect=0&iid=389927241205","Contact seller","Help & report","Add note to self","","Used","","","","","","","",""
"[object Object]","https://www.ebay.com.au/itm/336085396364","https://i.ebayimg.com/images/g/B6QAAeSw2GBogI8A/s-l500.jpg","Alienware Aurora R12 Gaming PC i9-11900KF 32GB RAM 1TB SSD 2TB HDD RTX 3090 24GB","AU $2,835.00","Or Buy It Now","Free postage","https://www.ebay.com.au/usr/technologylockerptyltd","technologylockerptyltd","username","96.20% (17595)","https://www.ebay.com.au/fdbk/feedback_profile/technologylockerptyltd","Feedback score is 17595 for technologylockerptyltd","View similar items","https://www.ebay.com.au/sch/i.html?_id=336085396364&_nkw=Alienware+Aurora+R12+Gaming+PC+i9-11900KF+32GB+RAM+1TB+SSD+2TB+HDD+RTX+3090+24GB","View seller's other items","https://www.ebay.com.au/sch/technologylockerptyltd/m.html","More actions","https://contact.ebay.com.au/ws/eBayISAPI.dll?FindAnswers&requested=technologylockerptyltd&redirect=0&iid=336085396364","Contact seller","Help & report","Add note to self","[object Object]","","","","","","","","",""
"[object Object]","https://www.ebay.com.au/itm/406793622034","https://i.ebayimg.com/images/g/qqMAAeSwAdRqGZwn/s-l500.jpg","Dell Pro Max 18 Plus Laptop: Ultra 9 285HX, 64GB RAM, 1TB SSD, RTX 3000 Warranty","AU $6,439.88*","Or Buy It Now","+AU $452.91","https://www.ebay.com.au/usr/greengreenstore","greengreenstore","username","100% (2474)","https://www.ebay.com.au/fdbk/feedback_profile/greengreenstore","Feedback score is 2474 for greengreenstore","View similar items","https://www.ebay.com.au/sch/i.html?_id=406793622034&_nkw=Dell+Pro+Max+18+Plus+Laptop%3A+Ultra+9+285HX%2C+64GB+RAM%2C+1TB+SSD%2C+RTX+3000+Warranty","View seller's other items","https://www.ebay.com.au/sch/greengreenstore/m.html","More actions","https://contact.ebay.com.au/ws/eBayISAPI.dll?FindAnswers&requested=greengreenstore&redirect=0&iid=406793622034","Contact seller","Help & report","Add note to self","","Excellent - Refurbished","","","","","","* Converted from GBP 3,339.00","Postage",""
"[object Object]","https://www.ebay.com.au/itm/168485245984","https://i.ebayimg.com/images/g/LIAAAeSwKAVqRng0/s-l500.jpg","MSI Titan 18 HX Dragon Edition Norse Myth","AU $8,663.94*","Or Buy It Now","+AU $165.03","https://www.ebay.com.au/usr/andrea.salvatori95","andrea.salvatori95","username","0% (1)","https://www.ebay.com.au/fdbk/feedback_profile/andrea.salvatori95","Feedback score is 1 for andrea.salvatori95","Buy It Now","https://www.ebay.com.au/itm/168485245984","View seller's other items","https://www.ebay.com.au/sch/andrea.salvatori95/m.html","More actions","https://www.ebay.com.au/sch/i.html?_id=168485245984&_nkw=MSI+Titan+18+HX+Dragon+Edition+Norse+Myth","View similar items","Contact seller","Help & report","[object Object]","Opened – never used","https://contact.ebay.com.au/ws/eBayISAPI.dll?FindAnswers&requested=andrea.salvatori95&redirect=0&iid=168485245984","","Add note to self","","","* Converted from EUR 5,250.00","Postage",""
"[object Object]","https://www.ebay.com.au/itm/407022238689","https://i.ebayimg.com/images/g/UScAAeSwHk1qOrs4/s-l500.jpg","MSI TITAN 18 HX 5090 6TB w/2 chargers and a extra storage drive w/gaming mouse","AU $5,480.24*","Or Buy It Now","+AU $332.46","https://www.ebay.com.au/usr/nickhub38","nickhub38","username","100% (29)","https://www.ebay.com.au/fdbk/feedback_profile/nickhub38","Feedback score is 29 for nickhub38","Buy It Now","https://www.ebay.com.au/itm/407022238689","View seller's other items","https://www.ebay.com.au/sch/nickhub38/m.html","More actions","https://www.ebay.com.au/sch/i.html?_id=407022238689&_nkw=MSI+TITAN+18+HX+5090+6TB+w%2F2+chargers+and+a+extra+storage+drive+w%2Fgaming+mouse","View similar items","Contact seller","Help & report","[object Object]","Opened – never used","https://contact.ebay.com.au/ws/eBayISAPI.dll?FindAnswers&requested=nickhub38&redirect=0&iid=407022238689","","Add note to self","","","* Converted from US $3,800.00","Postage","25 watching"
"[object Object]","https://www.ebay.com.au/itm/377293014280","https://i.ebayimg.com/images/g/KuwAAeSwiRFqO~ZM/s-l500.jpg","Acer Predator Triton 14 AI Gaming Laptop Touch Ultra 9 32GB RAM 2TB SSD RTX 5070","AU $2,451.69*","Or Buy It Now","+AU $219.50","https://www.ebay.com.au/usr/jestev-6612","jestev-6612","username","0% (0)","https://www.ebay.com.au/fdbk/feedback_profile/jestev-6612","Feedback score is 0 for jestev-6612","Buy It Now","https://www.ebay.com.au/itm/377293014280","View seller's other items","https://www.ebay.com.au/sch/jestev-6612/m.html","More actions","https://www.ebay.com.au/sch/i.html?_id=377293014280&_nkw=Acer+Predator+Triton+14+AI+Gaming+Laptop+Touch+Ultra+9+32GB+RAM+2TB+SSD+RTX+5070","View similar items","Contact seller","Help & report","[object Object]","Brand New","https://contact.ebay.com.au/ws/eBayISAPI.dll?FindAnswers&requested=jestev-6612&redirect=0&iid=377293014280","","Add note to self","","","* Converted from US $1,700.00","Postage",""
"[object Object]","https://www.ebay.com.au/itm/366227557173","https://i.ebayimg.com/images/g/JEwAAOSw-JNlJq9E/s-l500.jpg","Dell Precision 7750 17"" FHD Xeon W-10885 2.4GHz 128GB 2TB RTX 5000 W11P","AU $3,488.46*","Or Buy It Now","+AU $820.36","https://www.ebay.com.au/usr/neuralsystems","neuralsystems","username","99.60% (539)","https://www.ebay.com.au/fdbk/feedback_profile/neuralsystems","Feedback score is 539 for neuralsystems","Buy It Now","https://www.ebay.com.au/itm/366227557173","View seller's other items","https://www.ebay.com.au/sch/neuralsystems/m.html","More actions","https://www.ebay.com.au/sch/i.html?_id=366227557173&_nkw=Dell+Precision+7750+17%22+FHD+Xeon+W-10885+2.4GHz+128GB+2TB+RTX+5000+W11P","View similar items","Contact seller","Help & report","[object Object]","Used","https://contact.ebay.com.au/ws/eBayISAPI.dll?FindAnswers&requested=neuralsystems&redirect=0&iid=366227557173","","Add note to self","","","* Converted from US $2,418.90","Postage",""
"[object Object]","https://www.ebay.com.au/itm/158028390540","https://i.ebayimg.com/images/g/mUkAAeSwJslqPgf3/s-l500.jpg","HP ZBook Fury 16 G9 - 16"" FHD+, i9 12950HX, RTX A4500 16GB, 32GB RAM, 1TB SSD","AU $1,743.43*","Or Buy It Now","+AU $480.43","https://www.ebay.com.au/usr/justin.1996","justin.1996","username","100% (466)","https://www.ebay.com.au/fdbk/feedback_profile/justin.1996","Feedback score is 466 for justin.1996","Buy It Now","https://www.ebay.com.au/itm/158028390540","View seller's other items","https://www.ebay.com.au/sch/justin.1996/m.html","More actions","https://www.ebay.com.au/sch/i.html?_id=158028390540&_nkw=HP+ZBook+Fury+16+G9+-+16%22+FHD%2B%2C+i9+12950HX%2C+RTX+A4500+16GB%2C+32GB+RAM%2C+1TB+SSD","View similar items","Contact seller","Help & report","[object Object]","Used","https://contact.ebay.com.au/ws/eBayISAPI.dll?FindAnswers&requested=justin.1996&redirect=0&iid=158028390540","","Add note to self","","","* Converted from US $1,208.89","Postage","22 watching"
"[object Object]","https://www.ebay.com.au/itm/187687118880","https://i.ebayimg.com/images/g/lCUAAeSwPeFqD19d/s-l500.jpg","Dell Precision 7560 15"" Touch Laptop i7-11850H 8-Cores 32GB 8GB RTX A4000 Mobile","AU $1,899.99","Or Buy It Now","+AU $9.16","https://www.ebay.com.au/usr/manlylaptops","manlylaptops","username","99.30% (2690)","https://www.ebay.com.au/fdbk/feedback_profile/manlylaptops","Feedback score is 2690 for manlylaptops","Buy It Now","https://www.ebay.com.au/itm/187687118880","View seller's other items","https://www.ebay.com.au/sch/manlylaptops/m.html","More actions","https://www.ebay.com.au/sch/i.html?_id=187687118880&_nkw=Dell+Precision+7560+15%22+Touch+Laptop+i7-11850H+8-Cores+32GB+8GB+RTX+A4000+Mobile","View similar items","Contact seller","Help & report","[object Object]","Seller refurbished","https://contact.ebay.com.au/ws/eBayISAPI.dll?FindAnswers&requested=manlylaptops&redirect=0&iid=187687118880","","Add note to self","","","","Postage",""
"[object Object]","https://www.ebay.com.au/itm/407031055086","https://i.ebayimg.com/images/g/kmcAAeSwWtdqP8P5/s-l500.jpg","Acer Predator  PH18-72 Intel i9-14900HX 32Gb RAM 1TB SSD 16Gb RTX4090 18"" 250Hz","AU $3,999.00","Or Buy It Now","Free postage","https://www.ebay.com.au/usr/comprem","comprem","username","99.80% (20086)","https://www.ebay.com.au/fdbk/feedback_profile/comprem","Feedback score is 20086 for comprem","Buy It Now","https://www.ebay.com.au/itm/407031055086","Make Best Offer","https://www.ebay.com.au/itm/407031055086","More actions","https://cart.payments.ebay.com.au/sc/view?","View in cart","View seller's other items","View similar items","[object Object]","Used","https://www.ebay.com.au/sch/comprem/m.html","https://www.ebay.com.au/sch/i.html?_id=407031055086&_nkw=Acer+Predator++PH18-72+Intel+i9-14900HX+32Gb+RAM+1TB+SSD+16Gb+RTX4090+18%22+250Hz","Contact seller","Help & report","[object Object]","","",""
"[object Object]","https://www.ebay.com.au/itm/198143249185","https://i.ebayimg.com/images/g/VBIAAeSwWslpTQR4/s-l500.jpg","Dell Precision 7550 Laptop | Intel Xeon W10855M CPU| 64GB| 1.5TB |16 GB RTX 5000","AU $1,900.00","Or Buy It Now","Free postage","https://www.ebay.com.au/usr/zinc_techno","zinc_techno","username","94.70% (51)","https://www.ebay.com.au/fdbk/feedback_profile/zinc_techno","Feedback score is 51 for zinc_techno","Buy It Now","https://www.ebay.com.au/itm/198143249185","View seller's other items","https://www.ebay.com.au/sch/zinc_techno/m.html","More actions","https://www.ebay.com.au/sch/i.html?_id=198143249185&_nkw=Dell+Precision+7550+Laptop+%7C+Intel+Xeon+W10855M+CPU%7C+64GB%7C+1.5TB+%7C16+GB+RTX+5000","View similar items","Contact seller","Help & report","[object Object]","Used","https://contact.ebay.com.au/ws/eBayISAPI.dll?FindAnswers&requested=zinc_techno&redirect=0&iid=198143249185","","Add note to self","","","","",""
"[object Object]","https://www.ebay.com.au/itm/267684076539","https://i.ebayimg.com/images/g/FmkAAeSweFlqGc7t/s-l500.jpg","Alienware X15 R2 i9 12900H RTX 3080 Ti 32GB 2TB QHD 240Hz Laptop AZERTY seedesc*","AU $1,733.89*","Or Buy It Now","+AU $190.92","https://www.ebay.com.au/usr/geoff_lee367","geoff_lee367","username","100% (5774)","https://www.ebay.com.au/fdbk/feedback_profile/geoff_lee367","Feedback score is 5774 for geoff_lee367","View similar items","https://www.ebay.com.au/sch/i.html?_id=267684076539&_nkw=Alienware+X15+R2+i9+12900H+RTX+3080+Ti+32GB+2TB+QHD+240Hz+Laptop+AZERTY+seedesc*","View seller's other items","https://www.ebay.com.au/sch/geoff_lee367/m.html","More actions","https://contact.ebay.com.au/ws/eBayISAPI.dll?FindAnswers&requested=geoff_lee367&redirect=0&iid=267684076539","Contact seller","Help & report","Add note to self","","Used","","","","","","* Converted from GBP 899.00","Postage",""
"[object Object]","https://www.ebay.com.au/itm/267347223330","https://i.ebayimg.com/images/g/Vy0AAeSwpdZqRvrb/s-l500.jpg","ASUS ROG Strix Scar 18 (2025) Gaming Laptop, 18” ROG Nebula HDR 16:10, RTX 5070","AU $3,710.55*","Or Buy It Now","+AU $985.78","https://www.ebay.com.au/usr/mobileadvance","mobileadvance","username","99.60% (12606)","https://www.ebay.com.au/fdbk/feedback_profile/mobileadvance","Feedback score is 12606 for mobileadvance","Buy It Now","https://www.ebay.com.au/itm/267347223330","View seller's other items","https://www.ebay.com.au/sch/mobileadvance/m.html","More actions","https://www.ebay.com.au/sch/i.html?_id=267347223330&_nkw=ASUS+ROG+Strix+Scar+18+%282025%29+Gaming+Laptop%2C+18%E2%80%9D+ROG+Nebula+HDR+16%3A10%2C+RTX+5070","View similar items","Contact seller","Help & report","[object Object]","Used","https://contact.ebay.com.au/ws/eBayISAPI.dll?FindAnswers&requested=mobileadvance&redirect=0&iid=267347223330","","Add note to self","","","* Converted from US $2,572.90","Postage","25 watching"
"[object Object]","https://www.ebay.com.au/itm/287111365810","https://i.ebayimg.com/images/g/8roAAeSwUvhqDDqL/s-l500.jpg","ACER PREDATOR HELIOS NEO 18 AI ULTRA 9 275HX RTX5070TI 64GB RAM 2TB SSD £2999rrp","AU $4,050.22*","Or Buy It Now","+AU $369.13","https://www.ebay.com.au/usr/applesquad","applesquad","username","100% (3126)","https://www.ebay.com.au/fdbk/feedback_profile/applesquad","Feedback score is 3126 for applesquad","View similar items","https://www.ebay.com.au/sch/i.html?_id=287111365810&_nkw=ACER+PREDATOR+HELIOS+NEO+18+AI+ULTRA+9+275HX+RTX5070TI+64GB+RAM+2TB+SSD+%C2%A32999rrp","View seller's other items","https://www.ebay.com.au/sch/applesquad/m.html","More actions","https://contact.ebay.com.au/ws/eBayISAPI.dll?FindAnswers&requested=applesquad&redirect=0&iid=287111365810","Contact seller","Help & report","Add note to self","","Opened – never used","","","","","","* Converted from GBP 2,099.99","Postage",""
"[object Object]","https://www.ebay.com.au/itm/127783573861","https://i.ebayimg.com/images/g/VmcAAeSwRUZpzFnx/s-l500.jpg","HP ZBook 8 G1i 16"" UWVA Touch Ultra 7 255H RTX 500 Ada 1TB SSD WUXGA 32GB Laptop","AU $4,499.00","Or Buy It Now","Free postage","https://www.ebay.com.au/usr/smarthomestoreau","smarthomestoreau","username","99.90% (13099)","https://www.ebay.com.au/fdbk/feedback_profile/smarthomestoreau","Feedback score is 13099 for smarthomestoreau","View similar items","https://www.ebay.com.au/sch/i.html?_id=127783573861&_nkw=HP+ZBook+8+G1i+16%22+UWVA+Touch+Ultra+7+255H+RTX+500+Ada+1TB+SSD+WUXGA+32GB+Laptop","View seller's other items","https://www.ebay.com.au/sch/smarthomestoreau/m.html","More actions","https://contact.ebay.com.au/ws/eBayISAPI.dll?FindAnswers&requested=smarthomestoreau&redirect=0&iid=127783573861","Contact seller","Help & report","Add note to self","","Brand New","","","","","","","",""
"[object Object]","https://www.ebay.com.au/itm/800113189613","https://i.ebayimg.com/images/g/pxYAAeSwcSxqH0pv/s-l500.jpg","MSI Raider 18 HX Gaming Laptop Intel Core i9-14900HX RTX 4080 32GB 1TB 18"" W11H","AU $2,696.84*","Or Buy It Now","+AU $796.80","https://www.ebay.com.au/usr/newegg","newegg","username","99.50% (1075337)","https://www.ebay.com.au/fdbk/feedback_profile/newegg","Feedback score is 1075337 for newegg","View similar items","https://www.ebay.com.au/sch/i.html?_id=800113189613&_nkw=MSI+Raider+18+HX+Gaming+Laptop+Intel+Core+i9-14900HX+RTX+4080+32GB+1TB+18%22+W11H","View seller's other items","https://www.ebay.com.au/sch/newegg/m.html","More actions","https://contact.ebay.com.au/ws/eBayISAPI.dll?FindAnswers&requested=newegg&redirect=0&iid=800113189613","Contact seller","Help & report","Add note to self","","Very Good - Refurbished","","","","","","* Converted from US $1,869.99","Postage",""
"[object Object]","https://www.ebay.com.au/itm/116762331758","https://i.ebayimg.com/images/g/42IAAeSwKlFot375/s-l500.jpg","Razer Blade Pro 17 17.3"" Intel Core i7-10875H Gaming Laptop","AU $2,299.00","Or Buy It Now","+AU $35.00","https://www.ebay.com.au/usr/pandselectronics","pandselectronics","username","100% (9400)","https://www.ebay.com.au/fdbk/feedback_profile/pandselectronics","Feedback score is 9400 for pandselectronics","Buy It Now","https://www.ebay.com.au/itm/116762331758","View seller's other items","https://www.ebay.com.au/sch/pandselectronics/m.html","More actions","https://www.ebay.com.au/sch/i.html?_id=116762331758&_nkw=Razer+Blade+Pro+17+17.3%22+Intel+Core+i7-10875H+Gaming+Laptop","View similar items","Contact seller","Help & report","[object Object]","Opened – never used","https://contact.ebay.com.au/ws/eBayISAPI.dll?FindAnswers&requested=pandselectronics&redirect=0&iid=116762331758","","Add note to self","","","","Postage",""
"[object Object]","https://www.ebay.com.au/itm/366519698304","https://i.ebayimg.com/images/g/gigAAeSw8utqPksW/s-l500.jpg","ROG Strix RTX 4090 18inch Laptop","AU $2,714.70","Or Buy It Now","+AU $30.36","https://www.ebay.com.au/usr/zombie-5793","zombie-5793","username","100% (80)","https://www.ebay.com.au/fdbk/feedback_profile/zombie-5793","Feedback score is 80 for zombie-5793","Buy It Now","https://www.ebay.com.au/itm/366519698304","View seller's other items","https://www.ebay.com.au/sch/zombie-5793/m.html","More actions","https://www.ebay.com.au/sch/i.html?_id=366519698304&_nkw=ROG+Strix+RTX+4090+18inch+Laptop","View similar items","Contact seller","Help & report","[object Object]","Used","https://contact.ebay.com.au/ws/eBayISAPI.dll?FindAnswers&requested=zombie-5793&redirect=0&iid=366519698304","","Add note to self","","","","Postage",""