order,id,date,time,title,url,visitCount,typedCount,transition
0,20022,6/17/2026,2:51:22,tuf gaming a14amd max\64gb - Google Shopping,https://www.google.com/search?sca_esv=ec2bff8bd1e2ef21&sxsrf=ANbL-n7oqsPmfpCZZGXU56F8DmX9mtYBRQ:1781628651399&udm=28&fbs=ADc_l-aN0CWEZBOHjofHoaMMDiKp9lEhFAN_4ain3HSNQWw-mI4C1ELY88XaJ57aZGHEMB2MFGv1IWRDzqHU7Je8enJ5oCmuVjrwrSg7-2tm4IvmGsCFCNeFctK18gxfz8nKWX45EfnU8uVIIBbTQ9TY2WUM5lqazuehBn_sNcSyv-PqXiT_9Xzd7MmbIBDNASzO6R9tJlnCfvqlYLKOUZSDc2Bz1Of00w&q=tuf+gaming+a14amd+max%5C64gb&ved=1t:220175&ictx=111&biw=1758&bih=1276&dpr=2,1,0,link
1,20019,6/17/2026,2:51:04,tuf gaming a14amd max\64gb - Google Search,https://www.google.com/search?q=tuf+gaming+a14amd+max%5C64gb&sca_esv=ec2bff8bd1e2ef21&sxsrf=ANbL-n5UCVfJXI6BdwLrBMcx-hBZLvLh3w%3A1781628638595&ei=3n4xapzuI5jk2roPzbjogAM&biw=1758&bih=1276&ved=0ahUKEwic1f_wm4yVAxUYslYBHU0cGjAQ4dUDCBI&uact=5&oq=tuf+gaming+a14amd+max%5C64gb&gs_lp=Egxnd3Mtd2l6LXNlcnAiGnR1ZiBnYW1pbmcgYTE0YW1kIG1heFw2NGdiMgUQABjvBTIFEAAY7wUyCBAAGIAEGKIEMgUQABjvBTIIEAAYgAQYogRIxT1QthlY_DxwAXgBkAEAmAHWAaABmgmqAQUwLjYuMbgBA8gBAPgBAZgCB6AClQjCAgoQABhHGNYEGLADmAMAiAYBkAYIkgcFMS41LjGgB_EUsgcFMC41LjG4B40IwgcFMC42LjHIBxOACAE&sclient=gws-wiz-serp,4,0,form_submit
2,20021,6/17/2026,2:50:59,"Asus TUF Gaming A14 14"" 2.5K 165Hz IPS Laptop, Ryzen AI 7 350, 32GB RAM, 5TB (1TB + 4TB) SSD, RTX 5060, Windows 11 Home",https://www.jw.com.au/product/asus-tuf-gaming-a14-14-2-5k-165hz-ips-laptop-ryzen-ai-7-350-32gb-ram-5tb-1tb-4tb-ssd-rtx-5060-windows-11-home?gad_source=1&gad_campaignid=17413494642&gbraid=0AAAAADd-mYlrSNcCCra5YkcAL9QBN7LAn&gclid=CjwKCAjw6MPRBhBTEiwAd-7Mr46TIouCs_BMGhf6cKZ4SjYA78k8_CM5nbAxwzMZ8Kaz9ObzBM_x3hoCQGsQAvD_BwE,1,0,link
3,20019,6/17/2026,2:50:52,tuf gaming a14amd max\64gb - Google Search,https://www.google.com/search?q=tuf+gaming+a14amd+max%5C64gb&sca_esv=ec2bff8bd1e2ef21&sxsrf=ANbL-n5UCVfJXI6BdwLrBMcx-hBZLvLh3w%3A1781628638595&ei=3n4xapzuI5jk2roPzbjogAM&biw=1758&bih=1276&ved=0ahUKEwic1f_wm4yVAxUYslYBHU0cGjAQ4dUDCBI&uact=5&oq=tuf+gaming+a14amd+max%5C64gb&gs_lp=Egxnd3Mtd2l6LXNlcnAiGnR1ZiBnYW1pbmcgYTE0YW1kIG1heFw2NGdiMgUQABjvBTIFEAAY7wUyCBAAGIAEGKIEMgUQABjvBTIIEAAYgAQYogRIxT1QthlY_DxwAXgBkAEAmAHWAaABmgmqAQUwLjYuMbgBA8gBAPgBAZgCB6AClQjCAgoQABhHGNYEGLADmAMAiAYBkAYIkgcFMS41LjGgB_EUsgcFMC41LjG4B40IwgcFMC42LjHIBxOACAE&sclient=gws-wiz-serp,4,0,link
4,20019,6/17/2026,2:50:51,tuf gaming a14amd max\64gb - Google Search,https://www.google.com/search?q=tuf+gaming+a14amd+max%5C64gb&sca_esv=ec2bff8bd1e2ef21&sxsrf=ANbL-n5UCVfJXI6BdwLrBMcx-hBZLvLh3w%3A1781628638595&ei=3n4xapzuI5jk2roPzbjogAM&biw=1758&bih=1276&ved=0ahUKEwic1f_wm4yVAxUYslYBHU0cGjAQ4dUDCBI&uact=5&oq=tuf+gaming+a14amd+max%5C64gb&gs_lp=Egxnd3Mtd2l6LXNlcnAiGnR1ZiBnYW1pbmcgYTE0YW1kIG1heFw2NGdiMgUQABjvBTIFEAAY7wUyCBAAGIAEGKIEMgUQABjvBTIIEAAYgAQYogRIxT1QthlY_DxwAXgBkAEAmAHWAaABmgmqAQUwLjYuMbgBA8gBAPgBAZgCB6AClQjCAgoQABhHGNYEGLADmAMAiAYBkAYIkgcFMS41LjGgB_EUsgcFMC41LjG4B40IwgcFMC42LjHIBxOACAE&sclient=gws-wiz-serp,4,0,link
5,20019,6/17/2026,2:50:51,tuf gaming a14amd max\64gb - Google Search,https://www.google.com/search?q=tuf+gaming+a14amd+max%5C64gb&sca_esv=ec2bff8bd1e2ef21&sxsrf=ANbL-n5UCVfJXI6BdwLrBMcx-hBZLvLh3w%3A1781628638595&ei=3n4xapzuI5jk2roPzbjogAM&biw=1758&bih=1276&ved=0ahUKEwic1f_wm4yVAxUYslYBHU0cGjAQ4dUDCBI&uact=5&oq=tuf+gaming+a14amd+max%5C64gb&gs_lp=Egxnd3Mtd2l6LXNlcnAiGnR1ZiBnYW1pbmcgYTE0YW1kIG1heFw2NGdiMgUQABjvBTIFEAAY7wUyCBAAGIAEGKIEMgUQABjvBTIIEAAYgAQYogRIxT1QthlY_DxwAXgBkAEAmAHWAaABmgmqAQUwLjYuMbgBA8gBAPgBAZgCB6AClQjCAgoQABhHGNYEGLADmAMAiAYBkAYIkgcFMS41LjGgB_EUsgcFMC41LjG4B40IwgcFMC42LjHIBxOACAE&sclient=gws-wiz-serp,4,0,form_submit
6,20018,6/17/2026,2:50:38,tuf gaming a14 fa401ea-rg007w gaming laptop 64gb - Google Search,https://www.google.com/search?q=tuf+gaming+a14+fa401ea-rg007w+gaming+laptop+64gb&oq=&gs_lcrp=EgZjaHJvbWUqCQgAECMYJxjqAjIJCAAQIxgnGOoCMgkIARAjGCcY6gIyCQgCECMYJxjqAjIJCAMQIxgnGOoCMgkIBBAjGCcY6gIyDAgFECMYJxjqAhitBjIMCAYQIxgnGOoCGK0GMgwIBxAjGCcY6gIYrQYyGAgIEAAYQhiRAhi0AhjqAhiABBiKBRjnBjIYCAkQABhCGJECGLQCGOoCGIAEGIoFGOcGMhgIChAAGEIYkQIYtAIY6gIYgAQYigUY5wYyGAgLEAAYQhiRAhi0AhjqAhiABBiKBRjnBtIBCTE1NjdqMGoxNagCDLACAfEFswZBI3g2we_xBbMGQSN4NsHv&sourceid=chrome&ie=UTF-8,1,0,generated
7,20017,6/17/2026,2:49:59,TUF Gaming A14 FA401EA-RG007W Gaming Laptop 64gb - Google Search,https://www.google.com/search?q=TUF+Gaming+A14+FA401EA-RG007W+Gaming+Laptop+64gb&oq=TUF+Gaming+A14+FA401EA-RG007W+Gaming+Laptop+64gb&gs_lcrp=EgZjaHJvbWUyBggAEEUYOTIHCAEQABjvBTIHCAIQABjvBTIHCAMQABjvBTIKCAQQABiABBiiBNIBCDU0MjZqMGo3qAIAsAIA&sourceid=chrome&ie=UTF-8,1,0,generated
8,13916,6/17/2026,2:48:22,Laptops｜ASUS Australia,https://www.asus.com/au/store/laptops/,2,0,link
9,10009,6/17/2026,2:48:12,ASUS Online Store,https://www.asus.com/au/store/,15,0,link
10,20016,6/17/2026,2:47:45,HP Laptops - Lightweight & Portable - Shop HP.com Australia,https://www.hp.com/au-en/shop/laptops-tablets.html?graphics=nvidia-rtx%E2%84%A2-pro-3000-blackwell+nvidia-rtx%E2%84%A2-pro-4000-blackwell,1,0,link
11,20015,6/17/2026,2:47:23,HP Laptops - Lightweight & Portable - Shop HP.com Australia,https://www.hp.com/au-en/shop/laptops-tablets.html?graphics=nvidia-rtx%E2%84%A2-pro-4000-blackwell,1,0,link
12,9839,6/17/2026,2:46:57,HP Laptops - Lightweight & Portable - Shop HP.com Australia,https://www.hp.com/au-en/shop/laptops-tablets.html,6,0,link
13,20014,6/17/2026,2:46:49,"HP ZBook Power 16 inch G11 A Mobile Workstation PC, Silver - 16-inch (D9CL5PT-BN2) - Shop HP.com Australia",https://www.hp.com/au-en/shop/hp-zbook-power-16-inch-g11-a-mobile-workstation-pc-d9cl5pt-2.html,1,0,link
14,20013,6/17/2026,2:46:20,"HP ZBook Power 16 inch G11 A Mobile Workstation PC, Silver - 16-inch (D9HR6PT-BN2) - Shop HP.com Australia",https://www.hp.com/au-en/shop/hp-zbook-power-16-inch-g11-a-mobile-workstation-pc-d9hr6pt-2.html?facetref=61256842eb37133f,1,0,link
15,20012,6/17/2026,2:45:43,"HP Sale, Deals & Offers - Shop HP.com Australia",https://www.hp.com/au-en/shop/sale-offers.html?p=3&product_list_order=price_desc&scrnsizeus=16-inch+18-inch,1,0,link
16,11399,6/17/2026,2:45:06,"HP Sale, Deals & Offers - Shop HP.com Australia",https://www.hp.com/au-en/shop/sale-offers.html?p=2&product_list_order=price_desc&scrnsizeus=16-inch+18-inch,2,0,link
17,11398,6/17/2026,2:44:56,"HP Sale, Deals & Offers - Shop HP.com Australia",https://www.hp.com/au-en/shop/sale-offers.html?product_list_order=price_desc&scrnsizeus=16-inch+18-inch,2,0,link
18,20011,6/17/2026,2:44:48,"HP Sale, Deals & Offers - Shop HP.com Australia",https://www.hp.com/au-en/shop/sale-offers.html?product_list_order=bv_average_overall_rating_desc&scrnsizeus=16-inch+18-inch,1,0,link
19,20010,6/17/2026,2:44:30,"HP Sale, Deals & Offers - Shop HP.com Australia",https://www.hp.com/au-en/shop/sale-offers.html?scrnsizeus=16-inch+18-inch,1,0,link
20,10171,6/17/2026,2:44:21,"HP Sale, Deals & Offers - Shop HP.com Australia",https://www.hp.com/au-en/shop/sale-offers.html?scrnsizeus=16-inch,2,0,link
21,618,6/17/2026,2:38:52,"HP Sale, Deals & Offers - Shop HP.com Australia",https://www.hp.com/au-en/shop/sale-offers.html,7,0,link
22,20009,6/17/2026,2:38:09,HP Laptops - Lightweight & Portable - Shop HP.com Australia,https://www.hp.com/au-en/shop/laptops-tablets/business-laptops.html?p=5&product_list_order=price_desc&scrnsizeus=14-inch+16-inch+18-inch,1,0,link
23,20008,6/17/2026,2:33:01,HP Laptops - Lightweight & Portable - Shop HP.com Australia,https://www.hp.com/au-en/shop/laptops-tablets/business-laptops.html?p=4&product_list_order=price_desc&scrnsizeus=14-inch+16-inch+18-inch,1,0,link
24,20007,6/17/2026,2:32:21,HP Laptops - Lightweight & Portable - Shop HP.com Australia,https://www.hp.com/au-en/shop/laptops-tablets/business-laptops.html?p=3&product_list_order=price_desc&scrnsizeus=14-inch+16-inch+18-inch,1,0,link
25,20006,6/17/2026,2:31:38,HP Laptops - Lightweight & Portable - Shop HP.com Australia,https://www.hp.com/au-en/shop/laptops-tablets/business-laptops.html?p=2&product_list_order=price_desc&scrnsizeus=14-inch+16-inch+18-inch,1,0,link
26,20005,6/17/2026,2:31:28,HP Laptops - Lightweight & Portable - Shop HP.com Australia,https://www.hp.com/au-en/shop/laptops-tablets/business-laptops.html?product_list_order=price_desc&scrnsizeus=14-inch+16-inch+18-inch,1,0,link
27,20004,6/17/2026,2:31:21,HP Laptops - Lightweight & Portable - Shop HP.com Australia,https://www.hp.com/au-en/shop/laptops-tablets/business-laptops.html?scrnsizeus=14-inch+16-inch+18-inch,1,0,link
28,20003,6/17/2026,2:31:11,HP Laptops - Lightweight & Portable - Shop HP.com Australia,https://www.hp.com/au-en/shop/laptops-tablets/business-laptops.html?scrnsizeus=16-inch+18-inch,1,0,link
29,20002,6/17/2026,2:31:05,HP Laptops - Lightweight & Portable - Shop HP.com Australia,https://www.hp.com/au-en/shop/laptops-tablets/business-laptops.html?scrnsizeus=18-inch,1,0,link
30,20001,6/17/2026,2:30:42,HP Laptops - Lightweight & Portable - Shop HP.com Australia,https://www.hp.com/au-en/shop/laptops-tablets/business-laptops.html,1,0,link
31,20000,6/17/2026,2:29:32,HP Laptops - Lightweight & Portable - Shop HP.com Australia,https://www.hp.com/au-en/shop/laptops-tablets.html?p=4&price=3000-11970&product_list_order=price_desc,1,0,link
32,19999,6/17/2026,2:28:40,HP Laptops - Lightweight & Portable - Shop HP.com Australia,https://www.hp.com/au-en/shop/laptops-tablets.html?p=3&price=3000-11970&product_list_order=price_desc,1,0,link
33,19998,6/17/2026,2:27:56,HP Laptops - Lightweight & Portable - Shop HP.com Australia,https://www.hp.com/au-en/shop/laptops-tablets.html?p=2&price=3000-11970&product_list_order=price_desc,1,0,link
34,19997,6/17/2026,2:27:40,HP Laptops - Lightweight & Portable - Shop HP.com Australia,https://www.hp.com/au-en/shop/laptops-tablets.html?price=3000-11970&product_list_order=price_desc,1,0,link
35,14231,6/17/2026,2:26:57,HP Laptops - Lightweight & Portable - Shop HP.com Australia,https://www.hp.com/au-en/shop/laptops-tablets.html?product_list_order=price_desc,5,0,link
36,19985,6/17/2026,2:26:34,Buy the Razer Core X V2 Thunderbolt 5 External Graphics Card Enclosure for... ( RC21-02270200-R3M1 ) online - PBTech.com/au,https://www.pbtech.com/au/product/ENCRAZ2270200/Razer-Core-X-V2-Thunderbolt-5-External-Graphics-Ca?srsltid=AfmBOorvVcVrvd9Adqbs92gPj1R-tyYvUxFVE1u719wgWMv8v6_u_twXVGA,2,0,link
37,14888,6/17/2026,2:26:32,Razer Store - Shop PC Gaming Components and Gaming Gear at PB Tech - PBTech.com/au,https://www.pbtech.com/au/brand/razer,3,0,link
38,12965,6/17/2026,2:26:30,Buy Computers & Tablets Online - PBTech.com/au,https://www.pbtech.com/au/category/computers,11,0,link
39,12920,6/17/2026,2:26:30,"Laptops / Notebooks, Amazingly Low Prices - PBTech.com/au",https://www.pbtech.com/au/category/computers/laptops,22,0,link
40,12964,6/17/2026,2:26:30,"Laptops / Notebooks, Amazingly Low Prices - PBTech.com/au",https://www.pbtech.com/au/category/computers/laptops/shop-all?fs=1357088,11,0,link
41,12964,6/17/2026,2:26:29,"Laptops / Notebooks, Amazingly Low Prices - PBTech.com/au",https://www.pbtech.com/au/category/computers/laptops/shop-all?fs=1357088,11,0,link
42,12963,6/17/2026,2:26:28,"Laptops / Notebooks, Amazingly Low Prices - PBTech.com/au",https://www.pbtech.com/au/category/computers/laptops/shop-all,12,0,link
43,19986,6/17/2026,2:26:28,Refurbished Laptops - PBTech.com/au,https://www.pbtech.com/au/category/computers/laptops/off-lease-laptops,3,0,link
44,19986,6/17/2026,2:26:27,Refurbished Laptops - PBTech.com/au,https://www.pbtech.com/au/category/computers/laptops/off-lease-laptops,3,0,link
45,19987,6/17/2026,2:26:26,Refurbished Laptops - PBTech.com/au,https://www.pbtech.com/au/category/computers/laptops/off-lease-laptops?o=highest_price,3,0,link
46,12920,6/17/2026,2:26:24,"Laptops / Notebooks, Amazingly Low Prices - PBTech.com/au",https://www.pbtech.com/au/category/computers/laptops,22,0,link
47,19996,6/17/2026,2:22:05,"AOOSTAR AG01 EGPU Dock with Built 800W Power Supply, OCuLink Port, PCIE4x4 Expansion Interface.（No USB4 Interface. : Amazon.com.au: Computers",https://www.amazon.com.au/AOOSTAR-OCuLink-Expansion-Interface-%EF%BC%88No-Interface/dp/B0F9WJ6JFF/ref=asc_df_B0F9WJ6JFF?mcid=688e4182a84331f89da954ad53744b1f&tag=googleshopdsk-22&linkCode=df0&hvadid=763726044138&hvpos=&hvnetw=g&hvrand=11025993329970048984&hvpone=&hvptwo=&hvqmt=&hvdev=c&hvdvcmdl=&hvlocint=&hvlocphy=9071333&hvtargid=pla-2450581892575&hvocijid=11025993329970048984-B0F9WJ6JFF-&hvexpln=0&gad_source=4&th=1,2,0,link
48,19996,6/17/2026,2:22:04,"AOOSTAR AG01 EGPU Dock with Built 800W Power Supply, OCuLink Port, PCIE4x4 Expansion Interface.（No USB4 Interface. : Amazon.com.au: Computers",https://www.amazon.com.au/AOOSTAR-OCuLink-Expansion-Interface-%EF%BC%88No-Interface/dp/B0F9WJ6JFF/ref=asc_df_B0F9WJ6JFF?mcid=688e4182a84331f89da954ad53744b1f&tag=googleshopdsk-22&linkCode=df0&hvadid=763726044138&hvpos=&hvnetw=g&hvrand=11025993329970048984&hvpone=&hvptwo=&hvqmt=&hvdev=c&hvdvcmdl=&hvlocint=&hvlocphy=9071333&hvtargid=pla-2450581892575&hvocijid=11025993329970048984-B0F9WJ6JFF-&hvexpln=0&gad_source=4&th=1,2,0,link
49,19995,6/17/2026,2:22:02,"AOOSTAR AG01 EGPU Dock with Built 800W Power Supply, OCuLink Port, PCIE4x4 Expansion Interface.（No USB4 Interface. : Amazon.com.au: Computers",https://www.amazon.com.au/AOOSTAR-OCuLink-Expansion-Interface-%EF%BC%88No-Interface/dp/B0F9WJ6JFF/ref=asc_df_B0F9WJ6JFF?mcid=688e4182a84331f89da954ad53744b1f&tag=googleshopdsk-22&linkCode=df0&hvadid=763726044138&hvpos=&hvnetw=g&hvrand=11025993329970048984&hvpone=&hvptwo=&hvqmt=&hvdev=c&hvdvcmdl=&hvlocint=&hvlocphy=9071333&hvtargid=pla-2450581892575&psc=1&hvocijid=11025993329970048984-B0F9WJ6JFF-&hvexpln=0&gad_source=4,1,0,link
50,19993,6/17/2026,2:21:12,"MINISFORUM DEG2 eGPU Dock | OCuLink, Compatible with TBT5 Devices, Supports Ultrabooks and Mini PCs – Minisforum",https://store.minisforum.com/products/minisforum-deg2-oculink-egpu-dock?variant=47431604830453&country=AU&currency=AUD&utm_medium=product_sync&utm_source=google&utm_content=sag_organic&utm_campaign=sag_organic&srsltid=AfmBOoqiWlF__TN2R5imXjTUwMI6FG7Ap_2AjBOsic3CdyHouFB2c_jLtKY,1,0,link
51,19992,6/17/2026,2:21:01,external gpu thunderbolt 5 - Google Shopping,https://www.google.com/search?q=external+gpu+thunderbolt+5&sca_esv=ec2bff8bd1e2ef21&biw=1758&bih=1276&udm=28&sxsrf=ANbL-n62wlpXOJ_lg20ccQNYd3wqwp9VXQ%3A1781626544504&shopmd=1&ei=sHYxatSaHqK2rfcP5v3ziQ0&oq=external+GPU+thun&gs_lp=Ehlnd3Mtd2l6LW1vZGVsZXNzLXNob3BwaW5nIhFleHRlcm5hbCBHUFUgdGh1bioCCAIyBRAAGIAEMgUQABiABDIFEAAYgAQyBRAAGIAEMgYQABgWGB4yBhAAGBYYHjIGEAAYFhgeMgYQABgWGB5IzkdQ6AxYojFwBHgBkAEAmAGuAaABsQmqAQMwLji4AQHIAQD4AQGYAgegAvYFwgIKEAAYRxjWBBiwA8ICChAAGIAEGIoFGEOYAwCIBgGQBgiSBwMyLjWgB9kcsgcDMC41uAfsBcIHAzktN8gHhox4gAgB&sclient=gws-wiz-modeless-shopping#ip=1&sv=CAYSxwcSABosMmFoVUtFd2k0LU1hU2xZeVZBeFU1WU9zSUhZQkZLXzBRZ2kxNkJBZzdFQjQi4QYKEzc5NDgxMDA5MjQ3OTQ0MDQ1NDYSEzc5ODExOTc1NjQ4MjA1OTQ2MjMaEzM0NDEyMzYxOTgzOTcwOTc0NTYiFDE2MzMwNjgwNjE2NDY3NDQ3MTQwKgAyEzIzNTY2NjcwNjA1OTc4NTA2OTM6EjU3NjQ2Mjg3NTQ0NTg5MzU0N0oCaGdSMlBDXzIzNTY2NjcwNjA1OTc4NTA2OTN8UFJPRF9QQ18yMzU2NjY3MDYwNTk3ODUwNjkzYgBqAIoBAKABA7ABAMIBAMoBANoBAOIBAOoBOU1JTklTRk9SVU0gREVHMiBlR1BVIERvY2sgT0N1TGluayBVbHRyYWJvb2tzIGFuZCBNaW5pIFBDc_ABAPoBAJICANoClARFb3dEQ3N3Q1FVMXVNeTE1VkZwQ00zWllWVXhOUW1FNGEya3lORXhHU2tSaFdXUTFhMjF3Vms5UFkyRlFOR05NWVY4elUwTm5iemxHU0ZWcmVETk1NR3hPWTBsblgyeEtSVlJ5TVMxMFdVNVlTRzlrU2t4TmIyWmtZVWhIVFRScmR6YzBTVUUwVkRkVlMyMXZRV3B5YVRoSVRHSkJPVVJDZEdKcGFHbFFkRk5mUVd0NE9FOTJVMDF4WDFwZlMxZDJkRlZmV1dKZmNuaE1RemxwVWpoeVlYSk9keTFDVW5neVRtTnNRbFpZWlRKb2NURjRTMnBVU1c0d1FuSm9NV1psWmtvMFRuVnNOa0p5Ym5CVFNHVkNZWGhrT0dzelExOUNTMDR0UjFZMVp6bGFUWGxhU0VkRE5ITTNaR2x6TkV0c01sQk5kbkpFTmpGWE1UUjNRM0ZzV0dkNk0zbFhVR2cyWVRJM1dXTjBUVVZFVVcwMFRVTjRkMFZCUW14YWJUUjZSbVE1UTJWSFQxRnJPVkIwV0UxMVJXMUZaRzFTY2pGQmREWllTMGwyTjBkbU5rWmhNSEZ2V2xsRU56Qk1kelpoTjFBU0YzcFlZM2hoZG1wa1RqZHVRWEptWTFCblNYVjBObEU0R2lKQlNrdE1SbTFLVXpoR2RWaGtMVkl5VWxSV01UZEZjakJQWkZZNGVIVkNjak5S4gIwQUtQT3IxUlJ5WTRYb2g4dnZMekdXRGJPTmxjdU9iNWc1ZzoxNzgxNjI2ODMwNDQ0MABCLTJhaFVLRXdpNC1NYVNsWXlWQXhVNVlPc0lIWUJGS18wUXJvZ0dlZ1FJT3hBUkgAIIXKzdsGSggQAhgBIAEoAQ,1,0,link
52,19991,6/17/2026,2:20:53,external gpu thunderbolt 5 - Google Shopping,https://www.google.com/search?q=external+gpu+thunderbolt+5&sca_esv=ec2bff8bd1e2ef21&biw=1758&bih=1276&udm=28&sxsrf=ANbL-n62wlpXOJ_lg20ccQNYd3wqwp9VXQ%3A1781626544504&shopmd=1&ei=sHYxatSaHqK2rfcP5v3ziQ0&oq=external+GPU+thun&gs_lp=Ehlnd3Mtd2l6LW1vZGVsZXNzLXNob3BwaW5nIhFleHRlcm5hbCBHUFUgdGh1bioCCAIyBRAAGIAEMgUQABiABDIFEAAYgAQyBRAAGIAEMgYQABgWGB4yBhAAGBYYHjIGEAAYFhgeMgYQABgWGB5IzkdQ6AxYojFwBHgBkAEAmAGuAaABsQmqAQMwLji4AQHIAQD4AQGYAgegAvYFwgIKEAAYRxjWBBiwA8ICChAAGIAEGIoFGEOYAwCIBgGQBgiSBwMyLjWgB9kcsgcDMC41uAfsBcIHAzktN8gHhox4gAgB&sclient=gws-wiz-modeless-shopping#ip=1,1,0,link
53,19990,6/17/2026,2:20:29,external gpu thunderbolt 5 - Google Shopping,https://www.google.com/search?q=external+gpu+thunderbolt+5&sca_esv=ec2bff8bd1e2ef21&biw=1758&bih=1276&udm=28&sxsrf=ANbL-n62wlpXOJ_lg20ccQNYd3wqwp9VXQ%3A1781626544504&shopmd=1&ei=sHYxatSaHqK2rfcP5v3ziQ0&oq=external+GPU+thun&gs_lp=Ehlnd3Mtd2l6LW1vZGVsZXNzLXNob3BwaW5nIhFleHRlcm5hbCBHUFUgdGh1bioCCAIyBRAAGIAEMgUQABiABDIFEAAYgAQyBRAAGIAEMgYQABgWGB4yBhAAGBYYHjIGEAAYFhgeMgYQABgWGB5IzkdQ6AxYojFwBHgBkAEAmAGuAaABsQmqAQMwLji4AQHIAQD4AQGYAgegAvYFwgIKEAAYRxjWBBiwA8ICChAAGIAEGIoFGEOYAwCIBgGQBgiSBwMyLjWgB9kcsgcDMC41uAfsBcIHAzktN8gHhox4gAgB&sclient=gws-wiz-modeless-shopping,1,0,form_submit
54,19989,6/17/2026,2:20:06,external GPU - Google Shopping,https://www.google.com/search?q=external+GPU&sca_esv=ec2bff8bd1e2ef21&sxsrf=ANbL-n4gj0AErZaKx1kXDzQLU-XwhnQdhQ:1781626515775&source=univ&udm=28&ved=1t:6869&ictx=111&biw=1758&bih=1276&dpr=2#ip=1&sv=CAYS6gUSABosMmFoVUtFd2pVc3JxS2xJeVZBeFVpVy1zSUhlYi1QTkVRZ2kxNkJBZ29FQkEihAUKFDExNjQzMDc4NjU0OTY5NTY2Mzc3GhM1NTQ0NzAyOTg1NzcxMDA4MDYyIhM1NTQ0NzAyOTg1NzcxMDA4MDYySgJoZ1IAoAET6gGPAUV4dGVybmFsIEdQVSBEb2NrIFN0YXRpb24sIFVTQjQuMCA0MEdicHMgR1BVIEVuY2xvc3VyZSB3aXRoIFRCIFJKNDUgTS4yIE5WTWUgSW50ZXJmYWNlLCBMYXB0b3AgR3JhcGhpY3MgQ2FyZCBFeHRlbnNpb24gQnJhY2tldCwgQVRYL1NGWCBTdXBwb3J08AEAggIBMNoC6gJFb3dDQ3N3QlFVMXVNeTE1VTJScWRHeExSRVZXUlVaU1RGcEdZbGxsVFV0YWFEQk9NVFl4ZUY5VWJrRkJWbXhDVkZSME4zbEpPVzVEUW5ScVVHRTNUSFkxTkhKMWREbFRWbTVrTjJJM1JsUnhYMTlqZDB0eVVuaGpibFEwU0hoMFVuQkdMV1ZzZVdSNWR6Wm1UMnhNTkRSSGEwbFdSMUJzV25aT2JWVkVNREkxVTBSTU1IZ3dlWEoyWW1kWU5XbElhM0k0VFVkRk9FSjJZWEpETkVOUGNWWXljVkp3WXpCSVVYSkdabk5VUkdrdGVsTm9kemd0Y0c1S2ExRnVRbXBWVFc1R1pXWjJWMGh3VVZKVlJVNUlTVjh3RWhkelNGbDRZWFJUWVVoeFN6SnlabU5RTlhZemVtbFJNQm9pUVVwTFRFWnRURzR5WkY5S2VXWmpSMVpyWm5BMmExWTVibkZKU1RkdWVrNWtVUeICMEFLUE9yMVJxalR4Um5yZmlJcHVOeUNXd0UzZFRBd0h0QXc6MTc4MTYyNjU0NDk3NDAAQi0yYWhVS0V3alVzcnFLbEl5VkF4VWlXLXNJSGViLVBORVFyb2dHZWdRSUtCQUZIACCLj-SrCEoIEAIYASABKAE,1,0,link
55,19988,6/17/2026,2:19:41,external GPU - Google Shopping,https://www.google.com/search?q=external+GPU&sca_esv=ec2bff8bd1e2ef21&sxsrf=ANbL-n4gj0AErZaKx1kXDzQLU-XwhnQdhQ:1781626515775&source=univ&udm=28&ved=1t:6869&ictx=111&biw=1758&bih=1276&dpr=2#sv=CAYS6gUSABosMmFoVUtFd2pVc3JxS2xJeVZBeFVpVy1zSUhlYi1QTkVRZ2kxNkJBZ29FQkEihAUKFDExNjQzMDc4NjU0OTY5NTY2Mzc3GhM1NTQ0NzAyOTg1NzcxMDA4MDYyIhM1NTQ0NzAyOTg1NzcxMDA4MDYySgJoZ1IAoAET6gGPAUV4dGVybmFsIEdQVSBEb2NrIFN0YXRpb24sIFVTQjQuMCA0MEdicHMgR1BVIEVuY2xvc3VyZSB3aXRoIFRCIFJKNDUgTS4yIE5WTWUgSW50ZXJmYWNlLCBMYXB0b3AgR3JhcGhpY3MgQ2FyZCBFeHRlbnNpb24gQnJhY2tldCwgQVRYL1NGWCBTdXBwb3J08AEAggIBMNoC6gJFb3dDQ3N3QlFVMXVNeTE1VTJScWRHeExSRVZXUlVaU1RGcEdZbGxsVFV0YWFEQk9NVFl4ZUY5VWJrRkJWbXhDVkZSME4zbEpPVzVEUW5ScVVHRTNUSFkxTkhKMWREbFRWbTVrTjJJM1JsUnhYMTlqZDB0eVVuaGpibFEwU0hoMFVuQkdMV1ZzZVdSNWR6Wm1UMnhNTkRSSGEwbFdSMUJzV25aT2JWVkVNREkxVTBSTU1IZ3dlWEoyWW1kWU5XbElhM0k0VFVkRk9FSjJZWEpETkVOUGNWWXljVkp3WXpCSVVYSkdabk5VUkdrdGVsTm9kemd0Y0c1S2ExRnVRbXBWVFc1R1pXWjJWMGh3VVZKVlJVNUlTVjh3RWhkelNGbDRZWFJUWVVoeFN6SnlabU5RTlhZemVtbFJNQm9pUVVwTFRFWnRURzR5WkY5S2VXWmpSMVpyWm5BMmExWTVibkZKU1RkdWVrNWtVUeICMEFLUE9yMVJxalR4Um5yZmlJcHVOeUNXd0UzZFRBd0h0QXc6MTc4MTYyNjU0NDk3NDAAQi0yYWhVS0V3alVzcnFLbEl5VkF4VWlXLXNJSGViLVBORVFyb2dHZWdRSUtCQUZIACCLj-SrCEoIEAIYASABKAE,1,0,link
56,19982,6/17/2026,2:19:41,external GPU - Google Shopping,https://www.google.com/search?q=external+GPU&sca_esv=ec2bff8bd1e2ef21&sxsrf=ANbL-n4gj0AErZaKx1kXDzQLU-XwhnQdhQ:1781626515775&source=univ&udm=28&ved=1t:6869&ictx=111&biw=1758&bih=1276&dpr=2,2,0,link
57,12973,6/17/2026,2:18:17,Gaming Laptops - PBTech.com/au,https://www.pbtech.com/au/category/computers/laptops/gaming-laptops,19,0,link
58,12920,6/17/2026,2:18:09,"Laptops / Notebooks, Amazingly Low Prices - PBTech.com/au",https://www.pbtech.com/au/category/computers/laptops,22,0,link
59,19987,6/17/2026,2:18:05,Refurbished Laptops - PBTech.com/au,https://www.pbtech.com/au/category/computers/laptops/off-lease-laptops?o=highest_price,3,0,link
60,19987,6/17/2026,2:18:04,Refurbished Laptops - PBTech.com/au,https://www.pbtech.com/au/category/computers/laptops/off-lease-laptops?o=highest_price,3,0,link
61,19986,6/17/2026,2:18:00,Refurbished Laptops - PBTech.com/au,https://www.pbtech.com/au/category/computers/laptops/off-lease-laptops,3,0,link
62,12963,6/17/2026,2:17:55,"Laptops / Notebooks, Amazingly Low Prices - PBTech.com/au",https://www.pbtech.com/au/category/computers/laptops/shop-all,12,0,link
63,12963,6/17/2026,2:17:54,"Laptops / Notebooks, Amazingly Low Prices - PBTech.com/au",https://www.pbtech.com/au/category/computers/laptops/shop-all,12,0,link
64,12964,6/17/2026,2:17:41,"Laptops / Notebooks, Amazingly Low Prices - PBTech.com/au",https://www.pbtech.com/au/category/computers/laptops/shop-all?fs=1357088,11,0,link
65,12920,6/17/2026,2:17:25,"Laptops / Notebooks, Amazingly Low Prices - PBTech.com/au",https://www.pbtech.com/au/category/computers/laptops,22,0,link
66,12965,6/17/2026,2:17:23,Buy Computers & Tablets Online - PBTech.com/au,https://www.pbtech.com/au/category/computers,11,0,link
67,14888,6/17/2026,2:17:00,Razer Store - Shop PC Gaming Components and Gaming Gear at PB Tech - PBTech.com/au,https://www.pbtech.com/au/brand/razer,3,0,link
68,19985,6/17/2026,2:16:18,Buy the Razer Core X V2 Thunderbolt 5 External Graphics Card Enclosure for... ( RC21-02270200-R3M1 ) online - PBTech.com/au,https://www.pbtech.com/au/product/ENCRAZ2270200/Razer-Core-X-V2-Thunderbolt-5-External-Graphics-Ca?srsltid=AfmBOorvVcVrvd9Adqbs92gPj1R-tyYvUxFVE1u719wgWMv8v6_u_twXVGA,2,0,link
69,19984,6/17/2026,2:16:17,Buy the Razer Core X V2 Thunderbolt 5 External Graphics Card Enclosure for... ( RC21-02270200-R3M1 ) online - PBTech.com/au,https://www.pbtech.com/au/product/ENCRAZ2270200?srsltid=AfmBOorvVcVrvd9Adqbs92gPj1R-tyYvUxFVE1u719wgWMv8v6_u_twXVGA,1,0,link
70,19983,6/17/2026,2:16:07,external GPU - Google Shopping,https://www.google.com/search?q=external+GPU&sca_esv=ec2bff8bd1e2ef21&sxsrf=ANbL-n4gj0AErZaKx1kXDzQLU-XwhnQdhQ:1781626515775&source=univ&udm=28&ved=1t:6869&ictx=111&biw=1758&bih=1276&dpr=2#sv=CAYStwcSABosMmFoVUtFd2pVc3JxS2xJeVZBeFVpVy1zSUhlYi1QTkVRZ2kxNkJBZ3BFQkUi0QYKFDE0NDU4MjMwMzUzMzg0NjE4MDE0EhM3MjQ5ODg0MDgyNTM3NTcwNDc1GhQxMDg5MTc4Mjc4MjgwODI5NDI1MiIUMTI3NTI1NTExNTQ1MTk4MDM3MjkyFDEyNzc4NjcxMzI2NTYxODk4NjAwOhI1NzY0NjI4MjcyNTU5NDQ5NDNKAmhnUjRQQ18xMjc3ODY3MTMyNjU2MTg5ODYwMHxQUk9EX1BDXzEyNzc4NjcxMzI2NTYxODk4NjAwoAET6gErUmF6ZXIgQ29yZSBYIFYyIEV4dGVybmFsIEdyYXBoaWNzIEVuY2xvc3VyZfABAIICFDE1MzcxMzMwMzUxMTAwMzUyOTY32gKUBEVvd0RDc3dDUVUxdU15MTVVbFowYUc1ZlNIVmpaSEJYVG5wclkzcFJPQzFIYzJKdFJFbzVTamt0WVRRMVZXdE9ORGc1VUd0Wk9XOW9Xbk5hY3kxUlRtMHRNM1Z2TjJkZmNrOWlTRmxvWWxsTVdHOVhhRXczVVVKWmVIaENTMGhhT0d4Q1dESmlUMWx5TFZCUk5IaGtMVzlyTUZGSlZWbFliRjlmYlRSRk5rbFdWV1JCVG5GMGRIbHFhbHBJV1U1V2RFOHdiMnR6YkRWTmIwcHZjblYxVGpOWmNscEtZWGRtUWxCeVJWUlhZbVJLTlRsYVYwUTRPR1phVVd4WGNIUXhjRmsyYlY5VWVFUnFiMkZEUVVkVWVWOWtRMHRSVm5aWGMxZGlVR1ZGT1MxeVFsWkVjR3hmWVZoUFF6WnFVek5KTFhCV1YycGlUbWM1YVhOelMycFphblJQZWt4blRpMVJXV0ZxY0hJMmVVTlVlWFpVV2xaaGJsaE1Xa1J0UWs5eVEyRTVjWEIyYTJOcE5sSkZSblV5VVVFM2VtVlJXQzF3WVVjMVNsVkJTSFpGWWpsbWVYTTNjV0ZYT0haQ1NtOTBlalFTRjNOSVdYaGhkRk5oU0hGTE1uSm1ZMUExZGpONmFWRXdHaUpCU2t0TVJtMUpRMHMyZVRkRE5rdFpTRGhLYVZWRVVFNXBTblpmVVVaWFVIWkLiAjBBS1BPcjFRQnlLSEZxVjc5Y0ZaY09xQkxMX3FzbEgyYmpROjE3ODE2MjY1NDQ5NjkwAEItMmFoVUtFd2pVc3JxS2xJeVZBeFVpVy1zSUhlYi1QTkVRcm9nR2VnUUlLUkFGSAAgv62F7Q5KCBACGAEgASgB,1,0,link
71,19982,6/17/2026,2:15:44,external GPU - Google Shopping,https://www.google.com/search?q=external+GPU&sca_esv=ec2bff8bd1e2ef21&sxsrf=ANbL-n4gj0AErZaKx1kXDzQLU-XwhnQdhQ:1781626515775&source=univ&udm=28&ved=1t:6869&ictx=111&biw=1758&bih=1276&dpr=2,2,0,link
72,19981,6/17/2026,2:15:15,extyernal GPU - Google Search,https://www.google.com/search?q=extyernal+GPU&sca_esv=ec2bff8bd1e2ef21&sxsrf=ANbL-n44qtR6WPaVUbi8XFr98eUCbDnsng%3A1781626503483&ei=h3Yxavb5HMe1rfcP8uD6uAY&biw=1758&bih=1276&ved=0ahUKEwi22fL2k4yVAxXHWusIHXKwHmcQ4dUDCBI&uact=5&oq=extyernal+GPU&gs_lp=Egxnd3Mtd2l6LXNlcnAiDWV4dHllcm5hbCBHUFUyDRAAGIAEGA0YsQMYgwEyBxAAGIAEGA0yBxAAGIAEGA0yBxAAGIAEGA0yBxAAGIAEGA0yBxAAGIAEGA0yBxAAGIAEGA0yBxAAGIAEGA0yBxAAGIAEGA0yBxAAGIAEGA1IqSpQ-AxY2iRwBHgBkAEAmAHUAaAB2BCqAQYwLjEyLjG4AQPIAQD4AQGYAhGgAqgRwgIKEAAYRxjWBBiwA8ICDRAAGIAEGIoFGEMYsAPCAgQQIxgnwgIKECMYngYY8AUYJ8ICChAAGIAEGIoFGEPCAgoQIxjwBRieBhgnwgIHECMYsQIYJ8ICCxAAGIAEGIoFGJECwgIOEAAYgAQYigUYkQIYsQPCAgUQABiABMICDxAAGIAEGAoYCxixAxiDAcICDBAAGIAEGAoYCxixA8ICERAAGIAEGIoFGJECGLEDGIMBwgIQEAAYgAQYigUYChixAxiDAcICCRAAGIAEGAoYC8ICChAAGIAEGA0YsQOYAwCIBgGQBgqSBwY0LjEyLjGgB7losgcGMC4xMi4xuAeXEcIHBjAuMS4xNsgHQIAIAQ&sclient=gws-wiz-serp,1,0,form_submit
73,19980,6/17/2026,2:15:03,ROG XG Mobile - Google Search,https://www.google.com/search?q=ROG+XG+Mobile&sourceid=chrome&ie=UTF-8,1,0,link
74,9839,6/17/2026,2:14:18,HP Laptops - Lightweight & Portable - Shop HP.com Australia,https://www.hp.com/au-en/shop/laptops-tablets.html,6,0,link
75,19979,6/17/2026,2:13:38,ROG Zephyrus Duo (2026) GX651 | ROG Zephyrus | Gaming Laptops｜ROG - Republic of Gamers｜ROG Australia,https://rog.asus.com/au/laptops/rog-zephyrus/rog-zephyrus-duo-2026/,1,0,link
76,10009,6/17/2026,2:12:27,ASUS Online Store,https://www.asus.com/au/store/,15,0,link
77,11422,6/17/2026,2:12:16,All series｜Workstations｜ASUS Australia,https://www.asus.com/au/displays-desktops/workstations/all-series/filter/,2,0,link
78,18177,6/17/2026,2:12:04,ProArt｜Laptops｜ASUS Australia,https://www.asus.com/au/laptops/for-creators/proart/,2,0,link
79,10145,6/17/2026,2:11:53,Laptops For Creators - All series｜ASUS Australia,https://www.asus.com/au/laptops/for-creators/all-series/,4,0,link
80,19978,6/17/2026,2:11:36,ROG XG Mobile | ASUS Store,https://au.store.asus.com/rog-xg-mobile-external-graphics-gc34.html,1,0,link
81,12076,6/17/2026,2:11:05,ASUS TUF Gaming A14 FA401EA-RG007W Laptop | Buy Online at ASUS Store (AU) this EOFY Sale | ASUS Store,https://au.store.asus.com/asus-tuf-a14-fa401ea-rg007w-gaming-laptop.html,3,0,link
82,19977,6/17/2026,2:10:46,ASUS EOFY Sale Deals｜ASUS Australia,https://www.asus.com/au/deals/asus-eofy-deals/,1,0,link
83,10009,6/17/2026,2:10:26,ASUS Online Store,https://www.asus.com/au/store/,15,0,link
84,10009,6/17/2026,2:10:22,ASUS Online Store,https://www.asus.com/au/store/,15,0,link
85,19976,6/17/2026,2:10:13,Education Store | ASUS Special offers | ASUS Australia,https://special-offers.asus.com/au/edu/success/,1,0,form_submit
86,19974,6/17/2026,2:09:54,Education Store | ASUS Special offers | ASUS Australia,https://special-offers.asus.com/au/edu/preview/,1,0,form_submit
87,17669,6/17/2026,2:09:12,Education Store Apply for | ASUS Special offers | ASUS Australia,https://special-offers.asus.com/au/edu/application/,3,0,link
88,17671,6/17/2026,2:09:04,Education Store | ASUS Special offers | ASUS Australia,https://special-offers.asus.com/au/edu/introduction/,4,0,link
89,17674,6/17/2026,2:08:48,Account Login,https://account.asus.com/au/loginform.aspx?returnUrl=https%3A%2F%2Fspecial-offers.asus.com%2Fau%2Fedu%2Fintroduction%2F&id=FdRmqrAYG8zVWXE9VtiJkg%3D%3D,2,0,link
90,17676,6/17/2026,2:08:48,,https://account.asus.com/au/loginform.aspx?returnUrl=https%3a%2f%2fspecial-offers.asus.com%2fau%2fedu%2fintroduction%2f&id=FdRmqrAYG8zVWXE9VtiJkg%3d%3d,2,0,form_submit
91,17677,6/17/2026,2:08:47,Education Store | ASUS Special offers | ASUS Australia,https://special-offers.asus.com/au/edu/introduction/#sso_introduction,2,0,link
92,17671,6/17/2026,2:08:41,Education Store | ASUS Special offers | ASUS Australia,https://special-offers.asus.com/au/edu/introduction/,4,0,link
93,19969,6/17/2026,2:08:38,asus student discount - Google Search,https://www.google.com/search?q=asus+student+discount&oq=asus+student+discount&gs_lcrp=EgZjaHJvbWUyBggAEEUYOTIHCAEQABiABDIHCAIQABiABDIHCAMQABiABDIHCAQQABiABDIHCAUQABiABDIHCAYQABiABDIHCAcQABiABDIHCAgQABiABDIHCAkQABiABNIBCDYwODdqMGo0qAIAsAIB&sourceid=chrome&ie=UTF-8,1,0,generated
94,19968,6/17/2026,2:08:25,Price reduced by AU $149.90 - nishantdougall@gmail.com - Gmail,https://mail.google.com/mail/u/0/#inbox/FMfcgzQgMMHMQcKrNBkQRdhcFbsRLfsr,1,0,link
95,139,6/17/2026,2:07:54,"Inbox (4,148) - nishantdougall@gmail.com - Gmail",https://mail.google.com/mail/u/0/#inbox,81,0,link
96,19966,6/17/2026,2:07:34,EOFY Price Drop: Laptops from $699 - nishantdougall@gmail.com - Gmail,https://mail.google.com/mail/u/0/#inbox/FMfcgzQgMVbSsdfZQRSnClpxlvcdpDvV?compose=new,1,0,link
97,19965,6/17/2026,2:07:33,"HP 15.6 inch Laptop 15-fc0822AU, Black - 15.6-inch (D6MY6PA) - Shop HP.com Australia",https://www.hp.com/au-en/shop/hp-laptop-15-fc0822au-d6my6pa.html?utm_source=BSL&utm_medium=email&utm_campaign=AU_4660828_20260616&et_rid=23156AF567978BAFE5154601B9053527&et_cid=4660828&utm_id=AU_4660828_20260616&jumpid=em_AU_en_BSL_AU_4660828_20260616&&att1=&hid=95b1bb870eee5a3c565c4bb96e33cb8ab79302757355fba44863e6d46a722c90,1,0,link
98,139,6/17/2026,2:06:55,"Inbox (4,148) - nishantdougall@gmail.com - Gmail",https://mail.google.com/mail/u/0/#inbox,81,0,link
99,19865,6/17/2026,2:06:50,"Your tracked flight to Manchester is now A$2,926 (was A$1,933) - nishantdougall@gmail.com - Gmail",https://mail.google.com/mail/u/0/#inbox/FMfcgzQgMVbTVlCVMSpFHdFNGVhpxjfg,1,0,link
100,139,6/17/2026,2:06:26,"Inbox (4,148) - nishantdougall@gmail.com - Gmail",https://mail.google.com/mail/u/0/#inbox,81,0,link
101,139,6/17/2026,2:06:26,"Inbox (4,148) - nishantdougall@gmail.com - Gmail",https://mail.google.com/mail/u/0/#inbox,81,0,link
102,838,6/17/2026,2:06:24,Gmail,https://mail.google.com/mail/u/0/,58,0,link
103,119,6/17/2026,2:06:23,Bitwarden,chrome-extension://nngceckbapebfimnlniiiahkandclblb/popup/index.html?uilocation=popout&singleActionPopout=auth_unlockExtension#/lock,11,0,link
104,120,6/17/2026,2:06:23,Bitwarden,chrome-extension://nngceckbapebfimnlniiiahkandclblb/popup/index.html?uilocation=popout&singleActionPopout=auth_unlockExtension,11,0,link
105,838,6/17/2026,2:06:18,Gmail,https://mail.google.com/mail/u/0/,58,0,auto_toplevel
106,19862,6/17/2026,2:06:18,Gmail,https://accounts.google.com/v3/signin/identifier?continue=https%3A%2F%2Fmail.google.com%2Fmail%2Fu%2F0%2F&dsh=S-1356488317%3A1781625978771686&emr=1&followup=https%3A%2F%2Fmail.google.com%2Fmail%2Fu%2F0%2F&osid=1&passive=1209600&service=mail&flowName=GlifWebSignIn&flowEntry=ServiceLogin&ifkv=AcDsRvwe1SMbgTwrwdmA8e88QX5d3K7YdmzNfEfYr3r-micNFguHoK36ngv9Co0dgE80ifWHLD3aNg,1,0,auto_toplevel
107,19866,6/17/2026,2:01:42,Instant Data Scraper - Chrome Web Store,https://chromewebstore.google.com/detail/instant-data-scraper/ofaokhiedipichpaobibbnahnkdoiiah?hl=en-GB&utm_source=ext_sidebar,1,0,link
108,19867,6/17/2026,2:01:32,Ebay Reviews Scraper and Exporter | Ecomstal - Chrome Web Store,https://chromewebstore.google.com/detail/ebay-reviews-scraper-and/hgemjnlpeldohbcgogdklcnomknhbbjn?hl=en-GB&utm_source=ext_sidebar,1,0,link
109,19868,6/17/2026,2:01:08,Chrome Web Store - search results,https://chromewebstore.google.com/search/scrape%20ebay?hl=en-GB&utm_source=ext_sidebar,1,0,link
110,19869,6/17/2026,2:00:46,Export Chrome History - Chrome Web Store,https://chromewebstore.google.com/detail/export-chrome-history/dihloblpkeiddiaojbagoecedbfpifdj?hl=en-GB&utm_source=ext_sidebar,1,0,link
111,19870,6/17/2026,2:00:36,Chrome Web Store - search results,https://chromewebstore.google.com/search/Export%20History?hl=en-GB&utm_source=ext_sidebar,2,0,link
112,19870,6/17/2026,2:00:35,Chrome Web Store - search results,https://chromewebstore.google.com/search/Export%20History?hl=en-GB&utm_source=ext_sidebar,2,0,link
113,16136,6/17/2026,2:00:29,Chrome Web Store - Extensions,https://chromewebstore.google.com/category/extensions?utm_source=ext_sidebar&hl=en-GB&pli=1,2,0,link
114,19872,6/17/2026,1:57:52,Update Google Chrome - Computer - Google Chrome Help,https://support.google.com/chrome/answer/95414?sjid=7199910289676916764-NC#zippy=%2Ccheck-for-updates-on-windows-mac-linux-or-chromebook%2Cmac,1,0,link
115,19873,6/17/2026,1:57:48,Update Google Chrome - Computer - Google Chrome Help,https://support.google.com/chrome/answer/95414?sjid=7199910289676916764-NC#zippy=%2Ccheck-for-updates-on-windows-mac-linux-or-chromebook,1,0,link
116,19874,6/17/2026,1:57:43,Update Google Chrome - Computer - Google Chrome Help,https://support.google.com/chrome/answer/95414?sjid=7199910289676916764-NC,1,0,link
117,19876,6/17/2026,1:57:35,Use Gemini in Chrome - Computer - Gemini Apps Help,https://support.google.com/gemini/answer/16283624?hl=en-AU&visit_id=639172221433104189-867649298&p=mws_gic_ga&rd=1,1,0,link
118,19877,6/17/2026,1:57:26,"Gemini in Chrome – AI assistance, right in your browser",https://gemini.google/overview/gemini-in-chrome/,1,0,link
119,6341,6/17/2026,1:56:57,careercopilot/docs/archive_legacy_reports/root_legacy/mui-components/TemplateSelector.tsx at aec216b4f993ca7cfbf25891b0d992210494b368 · okgoogle13/careercopilot · GitHub,https://github.com/okgoogle13/careercopilot/blob/aec216b4f993ca7cfbf25891b0d992210494b368/docs/archive_legacy_reports/root_legacy/mui-components/TemplateSelector.tsx#L15,7,0,link
120,6341,6/17/2026,1:56:57,careercopilot/docs/archive_legacy_reports/root_legacy/mui-components/TemplateSelector.tsx at aec216b4f993ca7cfbf25891b0d992210494b368 · okgoogle13/careercopilot · GitHub,https://github.com/okgoogle13/careercopilot/blob/aec216b4f993ca7cfbf25891b0d992210494b368/docs/archive_legacy_reports/root_legacy/mui-components/TemplateSelector.tsx#L15,7,0,link
121,6341,6/17/2026,1:56:57,careercopilot/docs/archive_legacy_reports/root_legacy/mui-components/TemplateSelector.tsx at aec216b4f993ca7cfbf25891b0d992210494b368 · okgoogle13/careercopilot · GitHub,https://github.com/okgoogle13/careercopilot/blob/aec216b4f993ca7cfbf25891b0d992210494b368/docs/archive_legacy_reports/root_legacy/mui-components/TemplateSelector.tsx#L15,7,0,link
122,6341,6/17/2026,1:56:56,careercopilot/docs/archive_legacy_reports/root_legacy/mui-components/TemplateSelector.tsx at aec216b4f993ca7cfbf25891b0d992210494b368 · okgoogle13/careercopilot · GitHub,https://github.com/okgoogle13/careercopilot/blob/aec216b4f993ca7cfbf25891b0d992210494b368/docs/archive_legacy_reports/root_legacy/mui-components/TemplateSelector.tsx#L15,7,0,auto_bookmark
123,19878,6/17/2026,1:56:48,Use Gemini in Chrome - Computer - Gemini Apps Help,https://support.google.com/gemini/answer/16283624?hl=en&co=GENIE.Platform%3DDesktop&sjid=7199910289676916764-NC#zippy=%2Chide-or-show-gemini-icon-on-browser-desktop,1,0,link
124,19879,6/17/2026,1:56:02,Use Gemini in Chrome - Computer - Gemini Apps Help,https://support.google.com/gemini/answer/16283624?hl=en&co=GENIE.Platform%3DDesktop&sjid=7199910289676916764-NC,1,0,link
125,19880,6/17/2026,1:55:44,How to enable Gemini in Chrome on Mac - Gemini Apps Community,https://support.google.com/gemini/thread/382483541/how-to-enable-gemini-in-chrome-on-mac?hl=en,1,0,link
126,19881,6/17/2026,1:55:29,gemiuni in chrome mac os - Google Search,https://www.google.com/search?q=gemiuni+in+chrome+mac+os&oq=gemiuni+in+chrome+mac+os+&gs_lcrp=EgZjaHJvbWUyBggAEEUYOTIICAEQABgWGB4yCAgCEAAYFhgeMg0IAxAAGIYDGIAEGIoFMg0IBBAAGIYDGIAEGIoFMg0IBRAAGIYDGIAEGIoFMgcIBhAAGO8FMgoIBxAAGIAEGKIEMgoICBAAGIAEGKIEMgcICRAAGO8F0gEINDM3OWowajSoAgCwAgE&sourceid=chrome&ie=UTF-8,2,0,link
127,19881,6/17/2026,1:55:26,gemiuni in chrome mac os - Google Search,https://www.google.com/search?q=gemiuni+in+chrome+mac+os&oq=gemiuni+in+chrome+mac+os+&gs_lcrp=EgZjaHJvbWUyBggAEEUYOTIICAEQABgWGB4yCAgCEAAYFhgeMg0IAxAAGIYDGIAEGIoFMg0IBBAAGIYDGIAEGIoFMg0IBRAAGIYDGIAEGIoFMgcIBhAAGO8FMgoIBxAAGIAEGKIEMgoICBAAGIAEGKIEMgcICRAAGO8F0gEINDM3OWowajSoAgCwAgE&sourceid=chrome&ie=UTF-8,2,0,generated
128,19882,6/17/2026,1:39:17,Checkout | eBay,https://pay.ebay.com.au/rxo?action=view&sessionid=2675237371016,1,0,link
129,19883,6/17/2026,1:39:15,Checkout | eBay,https://pay.ebay.com.au/rxo?action=create&rypsvc=true&pagename=ryp&item=366238793776&quantity=1&var=636052906158&TransactionId=-1,1,0,link
130,19884,6/17/2026,1:38:49,Spend & Save on Eligible Items | eBay.com.au,https://pages.ebay.com.au/buyer_coupons/2026/pljune/,1,0,link
131,19885,6/17/2026,1:38:46,"Razer Blade 18"" QHD+ 240Hz i9-13950HX RTX4090 2TB 32GB W11H Gaming Laptop | eBay Australia",https://www.ebay.com.au/itm/366238793776?chn=ps&_ul=AU&var=636052906158&norover=1&mkevt=1&mkrid=705-166974-041499-5&mkcid=2&mkscid=101&itemid=636052906158_366238793776&targetid=2304343365564&device=c&mktype=pla&googleloc=9071333&poi=&campaignid=23882544412&mkgroupid=197743916398&rlsatarget=pla-2304343365564&abcId=10718325&merchantid=5497404167&geoid=9071333&gad_source=1&gad_campaignid=23882544412&gbraid=0AAAAAD97CxQCjAH5EiSBjKXL0Lb0OCs_l&gclid=CjwKCAjw6MPRBhBTEiwAd-7MrwaHC6kbjBTAOhWmFGWtwzk2r86QOWmPQbLv3rJgsXbQzcQjzgwQCxoCAooQAvD_BwE,2,0,link
132,19886,6/17/2026,1:38:33,Checkout | eBay,https://pay.ebay.com.au/rxo?action=view&sessionid=2675236991016,1,0,link
133,19887,6/17/2026,1:38:32,Checkout | eBay,https://pay.ebay.com.au/rxo?rypsvc=true&item=366238793776&quantity=1&var=636052906158&action=create&pagename=ryp&TransactionId=-1,1,0,link
134,19888,6/17/2026,1:36:52,"Dell Precision 5680 16"" Mobile Workstation | Core i7-13800H | 64GB RAM – ProTech IT Solutions",https://www.protechintl.com.au/products/dell-precision-5680-15-6-core-i7-13800h-64gb-ram-1-tb-ssd-windows-11-pro,2,0,link
135,19889,6/17/2026,1:36:31,"Dell Precision 7670 16"" 4K | RTX A3000 | Core i9-12950HX | 32GB RAM | – ProTech IT Solutions",https://www.protechintl.com.au/products/dell-precision-7670-p114f-4k-ips-wled-mobile-workstation-core-i7-12850hx-rtx-a2000-8-gb-32-gb-ram-1-tb-ssd-16-fhd-windows-11,1,0,link
136,19888,6/17/2026,1:35:58,"Dell Precision 5680 16"" Mobile Workstation | Core i7-13800H | 64GB RAM – ProTech IT Solutions",https://www.protechintl.com.au/products/dell-precision-5680-15-6-core-i7-13800h-64gb-ram-1-tb-ssd-windows-11-pro,2,0,link
137,19890,6/17/2026,1:35:37,Laptops – ProTech IT Solutions,https://www.protechintl.com.au/collections/laptops?sort_by=price-descending&filter.v.price.gte=&filter.v.price.lte=,1,0,link
138,19891,6/17/2026,1:35:30,Laptops – ProTech IT Solutions,https://www.protechintl.com.au/collections/laptops,1,0,link
139,19892,6/17/2026,1:34:53,"Alienware x17 R1 17.3"" FHD Gaming | RTX 3080 | Core i9-11980HK | 64GB – ProTech IT Solutions",https://www.protechintl.com.au/products/alienware-x17-r1-17-3-fhd-gaming-rtx-3080-core-i9-11980hk-64gb-ram-4tb-ssd-windows-11?pr_prod_strat=e5_desc&pr_rec_id=1f779b2bf&pr_rec_pid=9832327184624&pr_ref_pid=9713015062768&pr_seq=uniform,1,0,link
140,19893,6/17/2026,1:34:32,"Razer Blade 17 17.3"" QHD 240 Hz | RTX 3070 | Core i7-11800H | 16 GB RA – ProTech IT Solutions",https://www.protechintl.com.au/products/razer-blade-17-17-3-qhd-240-hz-rtx-3070-core-i7-11800h-16-gb-ram-1-tb-ssd-windows-11?variant=48232777122032&country=AU&currency=AUD&utm_medium=product_sync&utm_source=google&utm_content=sag_organic&utm_campaign=sag_organic&srsltid=AfmBOoognHuhVlTRTGUy9UR2Mykw_9vNLuQ5w6tBSZpYr5EEnWsXrOnt0No,1,0,link
141,19894,6/17/2026,1:34:24,Razer Blade 18 - Google Search,https://www.google.com/search?q=Razer+Blade+18&sca_esv=ec2bff8bd1e2ef21&sxsrf=ANbL-n7fp64jNcIOzlIC-WnGHLUCCkFGKw%3A1781623975549&ei=p2wxav7dIJ771e8PyoTKiAQ&biw=1429&bih=1349&ved=0ahUKEwi-zb3BioyVAxWeffUHHUqCEkEQ4dUDCBI&uact=5&oq=Razer+Blade+18&gs_lp=Egxnd3Mtd2l6LXNlcnAiDlJhemVyIEJsYWRlIDE4MhAQIxjwBRi0BBiABBiKBRgnMgQQIxgnMgQQIxgnMgUQABiABDIFEAAYgAQyBRAAGIAEMgUQABiABDIFEAAYgAQyBRAAGIAEMgUQABiABEj0GFDqCliVE3ADeAGQAQCYAcwBoAGDBaoBBTAuMy4xuAEDyAEA-AEBmAIHoAKmBcICBxAjGLADGCfCAgoQABhHGNYEGLADwgINEAAYgAQYigUYQxiwA8ICChAjGIAEGIoFGCfCAhAQIxi0BBjwBRiABBiKBRgnwgIKEAAYgAQYigUYQ8ICEBAAGIAEGIoFGEMYsQMYgwHCAgsQABiABBiKBRiRAsICBhAAGBYYHsICBRAhGKABwgIEECEYFZgDAIgGAZAGCpIHBTMuMy4xoAfiGrIHBTAuMy4xuAeXBcIHBTAuMS42yAcbgAgB&sclient=gws-wiz-serp#sv=CAYSsAcSABotMmFoVUtFd2pNdl9MUGlveVZBeFVaazY4QkhST25KR01RZ2kxNkJRZ3FFSTRCIscGChQxNDk1NDk1ODMyMzg5NTkwNTMxNxIUMTA0Njc1MjYwMDM3ODY0NDQ2NzMaFDExNjA4NTAyNDgzODc0OTczMDQzIhQxMDAzMTg2NzY2NDg0Mzk3ODM2NjIUMTE3MjI4NTY3MTQ2MjIwOTg3MDI6EjU3NjQ2MjUxNDkyOTA4OTA2MEoCaGdSNFBDXzExNzIyODU2NzE0NjIyMDk4NzAyfFBST0RfUENfMTE3MjI4NTY3MTQ2MjIwOTg3MDKgAQPqASBSYXplciBCbGFkZSBQcm8gMTcgR2FtaW5nIExhcHRvcPABAIICFDE1MzcxMzMwMzUxMTAwMzUyOTY32gKUBEVvd0RDc3dDUVUxdU15MTVWRWhxWWtabFYxVndjM0ZzVEZReGF6RkxaMGxVUTJ4RFZWSTBTMTlNU0RBelkyTlNTalowUTNsaE1WcEpRamRyWDJSMmFVTkRlRVJxU1hKWU4ySlVTa2MyYjJ4blh6VTJTakUyWTFsalNqTlRObGx1YkcxMllVRlFkWE41V1ZWV2NHNWFSRE5DZFhKcE9HdGxWWEJKZEZWT1RXdGhTbm81WVRkWk1reERVV0o2T0UxMmJFODJkMWs1YURoT04wUkJjMkpGUjFSR1QyVlVORGxEV1ZsMldVRmtia1pGVGtoRVZITXhaMUJzTFV0bVoxQjFkbEJvVEdKMVJFbzRaRFZ3ZG05SGRtNXpTRWszYWpoNk9VcE5PVWh2YlRWRlNucDZOVmRtV0daSExUQm5XbEZ3Vm5kclZVbDZOVVp4VkZJeGJqWlFNRlJOYVhoVlRIcE9NbEZhY2pkak9FMUliSGMyUzNFd2RFVjZPVXg0Y0Y4ek9XcEdkVXcwVjJWRE5EQjFaa1ZFYWpsTWRqUTRhR3BQVG5OeGVuVlBhVTVYYUhWek4xVlZVbHBOWVdsSVJWQjNUWEVTRjNoWGQzaGhiM3BLVEhCdGJYWnlNRkJyT0RaVGJWRlpHaUpCU2t0TVJtMUpUV2hUWjFOMFRUZ3lURkF3YzBWSlgwTTVlV3MwUmtoTkxVeDPiAjBBS1BPcjFTcU9sT0o2WEpqWmN0dnJBRVMtaVNJSGVkTjJROjE3ODE2MjQwMDYxNzkwAEIvMmFoVUtFd2pNdl9MUGlveVZBeFVaazY4QkhST25KR01Rcm9nR2VnVUlLaENCQVFIACDL9YPfBkoIEAIYASABKAE,1,0,link
142,19885,6/17/2026,1:33:39,"Razer Blade 18"" QHD+ 240Hz i9-13950HX RTX4090 2TB 32GB W11H Gaming Laptop | eBay Australia",https://www.ebay.com.au/itm/366238793776?chn=ps&_ul=AU&var=636052906158&norover=1&mkevt=1&mkrid=705-166974-041499-5&mkcid=2&mkscid=101&itemid=636052906158_366238793776&targetid=2304343365564&device=c&mktype=pla&googleloc=9071333&poi=&campaignid=23882544412&mkgroupid=197743916398&rlsatarget=pla-2304343365564&abcId=10718325&merchantid=5497404167&geoid=9071333&gad_source=1&gad_campaignid=23882544412&gbraid=0AAAAAD97CxQCjAH5EiSBjKXL0Lb0OCs_l&gclid=CjwKCAjw6MPRBhBTEiwAd-7MrwaHC6kbjBTAOhWmFGWtwzk2r86QOWmPQbLv3rJgsXbQzcQjzgwQCxoCAooQAvD_BwE,2,0,link
143,19896,6/17/2026,1:33:29,Razer Blade 18 - Google Search,https://www.google.com/search?q=Razer+Blade+18&sca_esv=ec2bff8bd1e2ef21&sxsrf=ANbL-n7fp64jNcIOzlIC-WnGHLUCCkFGKw%3A1781623975549&ei=p2wxav7dIJ771e8PyoTKiAQ&biw=1429&bih=1349&ved=0ahUKEwi-zb3BioyVAxWeffUHHUqCEkEQ4dUDCBI&uact=5&oq=Razer+Blade+18&gs_lp=Egxnd3Mtd2l6LXNlcnAiDlJhemVyIEJsYWRlIDE4MhAQIxjwBRi0BBiABBiKBRgnMgQQIxgnMgQQIxgnMgUQABiABDIFEAAYgAQyBRAAGIAEMgUQABiABDIFEAAYgAQyBRAAGIAEMgUQABiABEj0GFDqCliVE3ADeAGQAQCYAcwBoAGDBaoBBTAuMy4xuAEDyAEA-AEBmAIHoAKmBcICBxAjGLADGCfCAgoQABhHGNYEGLADwgINEAAYgAQYigUYQxiwA8ICChAjGIAEGIoFGCfCAhAQIxi0BBjwBRiABBiKBRgnwgIKEAAYgAQYigUYQ8ICEBAAGIAEGIoFGEMYsQMYgwHCAgsQABiABBiKBRiRAsICBhAAGBYYHsICBRAhGKABwgIEECEYFZgDAIgGAZAGCpIHBTMuMy4xoAfiGrIHBTAuMy4xuAeXBcIHBTAuMS42yAcbgAgB&sclient=gws-wiz-serp,2,0,link
144,19896,6/17/2026,1:33:25,Razer Blade 18 - Google Search,https://www.google.com/search?q=Razer+Blade+18&sca_esv=ec2bff8bd1e2ef21&sxsrf=ANbL-n7fp64jNcIOzlIC-WnGHLUCCkFGKw%3A1781623975549&ei=p2wxav7dIJ771e8PyoTKiAQ&biw=1429&bih=1349&ved=0ahUKEwi-zb3BioyVAxWeffUHHUqCEkEQ4dUDCBI&uact=5&oq=Razer+Blade+18&gs_lp=Egxnd3Mtd2l6LXNlcnAiDlJhemVyIEJsYWRlIDE4MhAQIxjwBRi0BBiABBiKBRgnMgQQIxgnMgQQIxgnMgUQABiABDIFEAAYgAQyBRAAGIAEMgUQABiABDIFEAAYgAQyBRAAGIAEMgUQABiABEj0GFDqCliVE3ADeAGQAQCYAcwBoAGDBaoBBTAuMy4xuAEDyAEA-AEBmAIHoAKmBcICBxAjGLADGCfCAgoQABhHGNYEGLADwgINEAAYgAQYigUYQxiwA8ICChAjGIAEGIoFGCfCAhAQIxi0BBjwBRiABBiKBRgnwgIKEAAYgAQYigUYQ8ICEBAAGIAEGIoFGEMYsQMYgwHCAgsQABiABBiKBRiRAsICBhAAGBYYHsICBRAhGKABwgIEECEYFZgDAIgGAZAGCpIHBTMuMy4xoAfiGrIHBTAuMy4xuAeXBcIHBTAuMS42yAcbgAgB&sclient=gws-wiz-serp,2,0,form_submit
145,19897,6/17/2026,1:32:55,Razer Blade 16 - Google Search,https://www.google.com/search?q=Razer+Blade+16&sourceid=chrome&ie=UTF-8,1,0,link
146,19898,6/17/2026,1:32:14,Buy Razer Blade 16 - QHD+ 240 Hz OLED - GeForce RTX 5080 - Black | Gaming Laptops | Razer.com,https://www.razer.com/au-en/gaming-laptops/razer-blade-16/RZ09-05818EN3-R3B1,3,0,link
147,15068,6/17/2026,1:31:56,Buy Gaming Systems & Laptops | Razer Online Store | Razer Australia,https://www.razer.com/au-en/store/gaming-laptops,3,0,link
148,15068,6/17/2026,1:31:36,Buy Gaming Systems & Laptops | Razer Online Store | Razer Australia,https://www.razer.com/au-en/store/gaming-laptops,3,0,link
149,15069,6/17/2026,1:31:26,Razer Online Store – Buy Unrivalled Gaming Gear online. | Razer Australia,https://www.razer.com/au-en/store,2,0,link
150,19898,6/17/2026,1:31:17,Buy Razer Blade 16 - QHD+ 240 Hz OLED - GeForce RTX 5080 - Black | Gaming Laptops | Razer.com,https://www.razer.com/au-en/gaming-laptops/razer-blade-16/RZ09-05818EN3-R3B1,3,0,link
151,19899,6/17/2026,1:31:11,Buy Razer Blade 16 - QHD+ 240 Hz OLED - GeForce RTX 5090 - Black | Gaming Laptops | Razer.com,https://www.razer.com/au-en/gaming-laptops/razer-blade-16/RZ09-05819EN4-R3B1,1,0,link
152,19898,6/17/2026,1:30:55,Buy Razer Blade 16 - QHD+ 240 Hz OLED - GeForce RTX 5080 - Black | Gaming Laptops | Razer.com,https://www.razer.com/au-en/gaming-laptops/razer-blade-16/RZ09-05818EN3-R3B1,3,0,link
153,19900,6/17/2026,1:30:42,Buy Razer Blade 16 - QHD+ 240 Hz OLED - GeForce RTX 5090 - Black | Gaming Laptops | Razer.com,https://www.razer.com/au-en/gaming-laptops/razer-blade-16/RZ09-05819EN4-R3B1?srsltid=AfmBOoqLHYBf6V39KaVJujD1Ugy1uSUXe5Kxro7ybfnv-fo-xXB8MxQsQm4,1,0,link
154,19901,6/17/2026,1:30:32,rAZER BLADE - Google Search,https://www.google.com/search?q=rAZER+BLADE+&sca_esv=ec2bff8bd1e2ef21&sxsrf=ANbL-n7Qpi6o-luATkCQpwsCWeIsKSAz6A%3A1781623726391&ei=rmsxau-3F6Pt1e8PtcyakA0&biw=1429&bih=1349&ved=0ahUKEwjvxtbKiYyVAxWjdvUHHTWmBtIQ4dUDCBI&uact=5&oq=rAZER+BLADE+&gs_lp=Egxnd3Mtd2l6LXNlcnAiDHJBWkVSIEJMQURFIDIKECMYtAQY8AUYJzIQECMYtAQY8AUYgAQYigUYJzIEECMYJzIQEAAYgAQYigUYQxixAxiDATIKEAAYgAQYigUYQzIKEAAYgAQYigUYQzIKEAAYgAQYigUYQzIKEAAYgAQYigUYQzIKEAAYgAQYigUYQzIKEAAYgAQYigUYQ0jdM1D0BljFMnAIeAGQAQGYAc4BoAGEFaoBBjAuMTYuMbgBA8gBAPgBAZgCGKAC4RTCAgoQABhHGNYEGLADwgINEAAYgAQYigUYQxiwA8ICGRAuGIAEGIoFGEMYxwEY0QMYyAMYsAPYAQHCAgoQIxiABBiKBRgnwgIQECMY8AUYtAQYgAQYigUYJ8ICEBAuGIAEGIoFGEMYxwEY0QPCAgoQIxjwBRi0BBgnwgINEAAYgAQYigUYQxixA8ICExAuGIAEGIoFGEMYsQMYxwEY0QPCAgUQIRigAcICDRAjGPAFGLQEGLACGCfCAgcQIxiwAhgnwgIKEAAYgAQYDRixA8ICDRAAGIAEGA0YsQMYgwHCAgcQABiABBgNmAMAiAYBkAYLugYECAEYCJIHBjguMTUuMaAHlqgBsgcGMC4xNS4xuAe-FMIHCDEuNC4xOC4xyAdSgAgB&sclient=gws-wiz-serp#sv=CAYSowcSABosMmFoVUtFd2owbmRuZWlZeVZBeFVVa2E4QkhibXVGWWtRZ2kxNkJBZzBFQ2sivQYKFDEyNzg1OTgwMzU4OTEyNzY4MjIzEhMxNTA3ODgwOTk5MTc5OTE1OTA1GhQxNjg2NjAzMzA2Nzc4NTM4MzcxNSIUMTYzMDQwMTM0NzU5MzI4NjE0NjAyEzE0NjYwNjA5NTAwNTc5MTg0MDhKAmhnUjJQQ18xNDY2MDYwOTUwMDU3OTE4NDA4fFBST0RfUENfMTQ2NjA2MDk1MDA1NzkxODQwOKABA-oBSlJhemVyIEJsYWRlIDE2IEdlRm9yY2UgUlRYIEdhbWluZyBMYXB0b3AgMTYiIFFIRCsgMjQwIEh6IE9MRUQgQU1EIFJ5emVuIEFJ8AEAggIUMTUzNzEzMzAzNTExMDAzNTI5NjfaAvgDRXZjQ0NyY0NRVTF1TXkxNVVrVm9ZMmN5TkhwNlYzbzNjVVZaWkRkbmVtNUpjVFp6WW5GSVVYVjBhVk5xU2xRMFFVbHhXbkJOUzFsc05WRm9la0pvUVdWdVUzTjZVV295YUdVd1FYaE5jRW8zTmxCMldWVkdWbmxOYjFWbGJUVmZUM1V5Y1ZSeE0xaGhVRTQxUTJ0QlYyZHZOblpoVEZSb2QyNTZOelpsVDFSV1EzSm5abU4wUldSVGJVVktZelJ1TldKV2FIQjBWbGx3VlRKbU9XNXBNelE0VFRSek9UVlRRekZMUTFWdVJtMVFRVlUyZEVkNVlsOUhNRzF3TkRSU1NFdDBOR1J0VTJodlJtZFpVVFZTU1hOUE9GOU1iR0Y1ZUdSUmFETkhkRTFXV0hWcVFtZFBhbEpCU25KUGVVSm1kRmRGWjFWRlNDMUNaMVJCZFd0SFJrNXlYemh1WW5ONGVXcFhhbEZVVGxkUmJEUnVPRkZtYjBOT2QxVnRjbU5ZY1RsUmRXeEhObGx2VjFoNmRsWkNTSGxaVURWUU5uTk5SekV0VWtrU0Z6SkhjM2hoZGxSU1JuQlRhWFp5TUZCMVpETlhlVUZuR2lKQlNrdE1SbTFLU0ZwVGQxTTBWRmxxV1RaT2REUndXVkZFYTBsUVRXNXZiR05S4gIwQUtQT3IxVGRnNGxEbXFWZDhoajQ0ZWE1Y0VzUGE4dmxPZzoxNzgxNjIzNzY4NjU5MABCLTJhaFVLRXdqMG5kbmVpWXlWQXhVVWthOEJIYm11RllrUXJvZ0dlZ1FJTkJBY0gAIPLQrqIMSggQAhgBIAEoAQ,1,0,link
155,19902,6/17/2026,1:30:17,rAZER BLADE - Google Search,https://www.google.com/search?q=rAZER+BLADE+&sca_esv=ec2bff8bd1e2ef21&sxsrf=ANbL-n7Qpi6o-luATkCQpwsCWeIsKSAz6A%3A1781623726391&ei=rmsxau-3F6Pt1e8PtcyakA0&biw=1429&bih=1349&ved=0ahUKEwjvxtbKiYyVAxWjdvUHHTWmBtIQ4dUDCBI&uact=5&oq=rAZER+BLADE+&gs_lp=Egxnd3Mtd2l6LXNlcnAiDHJBWkVSIEJMQURFIDIKECMYtAQY8AUYJzIQECMYtAQY8AUYgAQYigUYJzIEECMYJzIQEAAYgAQYigUYQxixAxiDATIKEAAYgAQYigUYQzIKEAAYgAQYigUYQzIKEAAYgAQYigUYQzIKEAAYgAQYigUYQzIKEAAYgAQYigUYQzIKEAAYgAQYigUYQ0jdM1D0BljFMnAIeAGQAQGYAc4BoAGEFaoBBjAuMTYuMbgBA8gBAPgBAZgCGKAC4RTCAgoQABhHGNYEGLADwgINEAAYgAQYigUYQxiwA8ICGRAuGIAEGIoFGEMYxwEY0QMYyAMYsAPYAQHCAgoQIxiABBiKBRgnwgIQECMY8AUYtAQYgAQYigUYJ8ICEBAuGIAEGIoFGEMYxwEY0QPCAgoQIxjwBRi0BBgnwgINEAAYgAQYigUYQxixA8ICExAuGIAEGIoFGEMYsQMYxwEY0QPCAgUQIRigAcICDRAjGPAFGLQEGLACGCfCAgcQIxiwAhgnwgIKEAAYgAQYDRixA8ICDRAAGIAEGA0YsQMYgwHCAgcQABiABBgNmAMAiAYBkAYLugYECAEYCJIHBjguMTUuMaAHlqgBsgcGMC4xNS4xuAe-FMIHCDEuNC4xOC4xyAdSgAgB&sclient=gws-wiz-serp,2,0,form_submit
156,19903,6/17/2026,1:30:11,rAZER BLADE - Google Search,https://www.google.com/search?q=rAZER+BLADE+&sca_esv=ec2bff8bd1e2ef21&sxsrf=ANbL-n7Qpi6o-luATkCQpwsCWeIsKSAz6A%3A1781623726391&ei=rmsxau-3F6Pt1e8PtcyakA0&biw=1429&bih=1349&ved=0ahUKEwjvxtbKiYyVAxWjdvUHHTWmBtIQ4dUDCBI&uact=5&oq=rAZER+BLADE+&gs_lp=Egxnd3Mtd2l6LXNlcnAiDHJBWkVSIEJMQURFIDIKECMYtAQY8AUYJzIQECMYtAQY8AUYgAQYigUYJzIEECMYJzIQEAAYgAQYigUYQxixAxiDATIKEAAYgAQYigUYQzIKEAAYgAQYigUYQzIKEAAYgAQYigUYQzIKEAAYgAQYigUYQzIKEAAYgAQYigUYQzIKEAAYgAQYigUYQ0jdM1D0BljFMnAIeAGQAQGYAc4BoAGEFaoBBjAuMTYuMbgBA8gBAPgBAZgCGKAC4RTCAgoQABhHGNYEGLADwgINEAAYgAQYigUYQxiwA8ICGRAuGIAEGIoFGEMYxwEY0QMYyAMYsAPYAQHCAgoQIxiABBiKBRgnwgIQECMY8AUYtAQYgAQYigUYJ8ICEBAuGIAEGIoFGEMYxwEY0QPCAgoQIxjwBRi0BBgnwgINEAAYgAQYigUYQxixA8ICExAuGIAEGIoFGEMYsQMYxwEY0QPCAgUQIRigAcICDRAjGPAFGLQEGLACGCfCAgcQIxiwAhgnwgIKEAAYgAQYDRixA8ICDRAAGIAEGA0YsQMYgwHCAgcQABiABBgNmAMAiAYBkAYLugYECAEYCJIHBjguMTUuMaAHlqgBsgcGMC4xNS4xuAe-FMIHCDEuNC4xOC4xyAdSgAgB&sclient=gws-wiz-serp#sv=CAYSrwcSABotMmFoVUtFd2owbmRuZWlZeVZBeFVVa2E4QkhibXVGWWtRZ2kxNkJRZzBFSjBCIsYGChM4NTUxNjA5NzYzOTQ3MDI2NjAzEhMzODk5NjU2MDU4MzU3NDc2MDAwGhM5MTgyMDAwOTUwNDA2ODA0MDYyIhMxODg2OTU4NTg1NDk5OTQwMjc0MhM2Njk1NDc5NDMzODE0NDg5NzIwOhI1NzY0NjI4MDc0NzE5MzkxOTZKAmhnUjJQQ182Njk1NDc5NDMzODE0NDg5NzIwfFBST0RfUENfNjY5NTQ3OTQzMzgxNDQ4OTcyMKABA-oBJlJhemVyIEJsYWRlIDE3IDE3LjMiIFFIRCBHYW1pbmcgTGFwdG9w8AEAggIUMTUzNzEzMzAzNTExMDAzNTI5NjfaApQERW93RENzd0NRVTF1TXkxNVZGWkJSRXB2ZEZkWVNtRjRlblpSVDJWNFJFMW5ORjlJVkZrd1IzSlNValF3WW1FeE9XZE9hV0ZpTmpKdlNqVndTVmhmWW5KR1drMU1OamxCVUhONlVGaFBhMGRxZEU5TFlrOW1OVXN4YUhNeFoyazNMVlpJU0dFelRIZFJRWEpuVjBaMFZtMVpka0ZIV2tVdE4zbGllVFpDZVdoTWJIcHpTRlJSZWxwQmExSk5kMVl5Vkc1WWRVZFNVRWRtWlhsWVZIbDFXbVJJVGxwUGFsVkNkRTVuUTAxNFpVaEJSVkZ2WjJvd1pXcHdURFJRTVZoUWJWWlFlUzF5VEUxM2FVSnVhMTg1ZWtGTWJXVmFla1JFZDNsVmJXUjFTVzFpYzJKZlgxUmpiRmh0ZEhkNVpXVnZPWEp0TVRKYU0wZEZUM1J2YW1JeVdVeFBXazFLZDFkNVZFOXVTMHRtV1hkdE1GcGhVWEphYmxCeVpIVm1jbmRwYkhCb01FUTRZemMyV0dWelpFc3ljVGxrUTB0VFZtcDBibVUyWldGd1IzVm5hMjVuVVROalRsWm9iVWxvVTJSbVgzVVNGekpIYzNoaGRsUlNSbkJUYVhaeU1GQjFaRE5YZVVGbkdpSkJTa3RNUm0xSmMzVTFTVGxyYjI5MFZFbDBhREE0V1ZCaldWSldXVXhzYmtOUuICMEFLUE9yMVRhSG5kam5CMWRKdU9OdUltQS1iVzlOeGdpWWc6MTc4MTYyMzc2ODY2NjAAQi8yYWhVS0V3ajBuZG5laVl5VkF4VVVrYThCSGJtdUZZa1Fyb2dHZWdVSU5CQ1BBUUgAIPv8yqIFSggQAhgBIAEoAQ,1,0,link
157,19902,6/17/2026,1:29:28,rAZER BLADE - Google Search,https://www.google.com/search?q=rAZER+BLADE+&sca_esv=ec2bff8bd1e2ef21&sxsrf=ANbL-n7Qpi6o-luATkCQpwsCWeIsKSAz6A%3A1781623726391&ei=rmsxau-3F6Pt1e8PtcyakA0&biw=1429&bih=1349&ved=0ahUKEwjvxtbKiYyVAxWjdvUHHTWmBtIQ4dUDCBI&uact=5&oq=rAZER+BLADE+&gs_lp=Egxnd3Mtd2l6LXNlcnAiDHJBWkVSIEJMQURFIDIKECMYtAQY8AUYJzIQECMYtAQY8AUYgAQYigUYJzIEECMYJzIQEAAYgAQYigUYQxixAxiDATIKEAAYgAQYigUYQzIKEAAYgAQYigUYQzIKEAAYgAQYigUYQzIKEAAYgAQYigUYQzIKEAAYgAQYigUYQzIKEAAYgAQYigUYQ0jdM1D0BljFMnAIeAGQAQGYAc4BoAGEFaoBBjAuMTYuMbgBA8gBAPgBAZgCGKAC4RTCAgoQABhHGNYEGLADwgINEAAYgAQYigUYQxiwA8ICGRAuGIAEGIoFGEMYxwEY0QMYyAMYsAPYAQHCAgoQIxiABBiKBRgnwgIQECMY8AUYtAQYgAQYigUYJ8ICEBAuGIAEGIoFGEMYxwEY0QPCAgoQIxjwBRi0BBgnwgINEAAYgAQYigUYQxixA8ICExAuGIAEGIoFGEMYsQMYxwEY0QPCAgUQIRigAcICDRAjGPAFGLQEGLACGCfCAgcQIxiwAhgnwgIKEAAYgAQYDRixA8ICDRAAGIAEGA0YsQMYgwHCAgcQABiABBgNmAMAiAYBkAYLugYECAEYCJIHBjguMTUuMaAHlqgBsgcGMC4xNS4xuAe-FMIHCDEuNC4xOC4xyAdSgAgB&sclient=gws-wiz-serp,2,0,form_submit
158,19904,6/17/2026,1:28:46,asus rog z13 - Google Search,https://www.google.com/search?q=asus+rog+z13&oq=asus+rog+z13&gs_lcrp=EgZjaHJvbWUyBggAEEUYOTINCAEQABiRAhiABBiKBTIHCAIQABiABDIHCAMQABiABDIHCAQQABiABDIMCAUQABgUGIcCGIAEMgYIBhBFGD0yBggHEEUYPdIBCDc4MzVqMGo5qAIGsAIB8QX8aKEyrpZSQg&sourceid=chrome&ie=UTF-8,1,0,generated
159,19905,6/17/2026,1:28:06,asus px13 - Google Shopping,https://www.google.com/search?q=asus+px13&sca_esv=ec2bff8bd1e2ef21&sxsrf=ANbL-n5JeCjOjIad2pH4sqSDgF8irw7eyg:1781623577702&source=univ&udm=28&ved=1t:6869&ictx=111&biw=1429&bih=1349&dpr=2,1,0,link
160,19906,6/17/2026,1:26:35,Lenovo Yoga Book 9i Gen 10 (14″ Intel) | 83KJCTO1WWAU3 | Lenovo Australia,https://www.lenovo.com/au/en/p/laptops/yoga/yoga-2-in-1-series/yoga-book-9i-gen-10-14-inch-intel/83kjcto1wwau3?orgRef=https%253A%252F%252Fwww.google.com%252F&cid=au:sem:hjm66p&gad_source=1&gad_campaignid=22205056690&gbraid=0AAAAADHO5O25TSGQOCETPLJqICRnlRqaZ&gclid=CjwKCAjw6MPRBhBTEiwAd-7MrzepE0O023t5J7qr1u2OyCzgV-3xT6DCrAWdFuVECMcMLuvbjOaCXRoC1ikQAvD_BwE,1,0,link
161,19908,6/17/2026,1:26:33,Lenovo Yoga Book 9i Gen 10 (14″ Intel) | 83KJCTO1WWAU3 | Lenovo Australia,https://www.lenovo.com/au/en/p/laptops/yoga/yoga-2-in-1-series/yoga-book-9i-gen-10-14-inch-intel/83kjcto1wwau3?cid=au:sem:hjm66p&gad_source=1&gad_campaignid=22205056690&gbraid=0AAAAADHO5O25TSGQOCETPLJqICRnlRqaZ&gclid=CjwKCAjw6MPRBhBTEiwAd-7MrzepE0O023t5J7qr1u2OyCzgV-3xT6DCrAWdFuVECMcMLuvbjOaCXRoC1ikQAvD_BwE,1,0,link
162,19909,6/17/2026,1:26:17,asus px13 - Google Search,https://www.google.com/search?q=asus+px13&oq=asus+px13+&gs_lcrp=EgZjaHJvbWUyBggAEEUYOTIHCAEQABiABDIHCAIQABiABDIHCAMQABiABDIHCAQQABiABDIMCAUQABgUGIcCGIAEMgYIBhBFGDwyBggHEEUYPNIBCDUxNzFqMGo0qAIDsAIB8QWu_JzD76OVp_EFrvycw--jlac&sourceid=chrome&ie=UTF-8,1,0,generated
163,19910,6/17/2026,1:23:51,Dell Precision 7750 Laptop 17.3” 32GB RAM | 1 TB SSD | 16GB GPU | eBay Australia,https://www.ebay.com.au/itm/198170918806?_trkparms=itmf%3D1%26aid%3D1110013%26rkt%3D25%26mech%3D1%26algv%3DSimRXIVINativeV1WithMMV3%26pmt%3D1%26amclksrc%3DITM%26sd%3D358480886255%26sid%3DAQALAAAAEPqyloRmYH3ehWAslYrHlxQ%3D%26itm%3D198170918806%26noa%3D0%26plcampt%3D0%3A162261425011%26algo%3DHOMESPLICE.SIMRXI%26brand%3DDell%26asc%3D20231016072133%26ao%3D1%26rk%3D14%26pid%3D101879%26b%3D1%26mehot%3Dnone%26lsid%3D15%26meid%3Deaff839be66340b79a5c885c73f864e1%26pg%3D4406038&_trksid=p4406038.c101879.m1851&itmprp=cksum%3A198170918806eaff839be66340b79a5c885c73f864e1%7Cenc%3AAQALAAABAEhOrv6w3e5LVQXFQRCjBR2unsQox1gHHA5%252B%252FC9rnzRiLjcyKCvq5E9bby260L5mH98vn4mTR88YHGU6IOYut8rO4OK88ct8vj3pkdGCNFsAdUUqlTXV2hBme4pbrZsOpFzaWaJi8EjwWZzox1aSZukuuF3JhBnzP0M0cDuf2%252BVJNG2FNPaKEdGLprlyb8Hdwvk0OLugF2AIoAdZ89HiKRqKWRB9NRD8uvr7tg6cl4c9PpmihdP32nVDn%252FHBM3ty68KnXnpJeD7ZRyiZz7ENYLb%252FZlddHBdMy3Wob61gAF7Ldae1gDoI2SXwQ%252F3CyrckzyHsBOY1tsKKXThhHxq0Dfk%253D%7Campid%3APL_CLK%7Cclp%3A4406038&itmmeta=01KV8GFHQQPW1HBT7K5DFDPF3K,1,0,link
164,19911,6/17/2026,1:22:32,"Dell Precision 5570 15"" 4K Touch i9-12900H 5.0Ghz 32GB 1TB RTX A2000 A Grade | eBay Australia",https://www.ebay.com.au/itm/358480886255?_trkparms=amclksrc%3DITM%26aid%3D777008%26algo%3DPERSONAL.TOPIC%26ao%3D1%26asc%3D20250925144455%26meid%3D309ad579271449e4b2216cfeaa992ee4%26pid%3D102684%26rk%3D9%26rkt%3D10%26mehot%3Dnone%26itm%3D358480886255%26pmt%3D1%26noa%3D1%26pg%3D4375194%26algv%3DRelatedTopicsV2WithPCatSupAndMyFG%26brand%3DDell%26tu%3D01KV8F7FY5YTXYH84Y56P8DX6T,1,0,link
165,19912,6/17/2026,1:20:58,3070Ti rtx how much vram - Google Search,https://www.google.com/search?q=3070Ti+rtx+how+much+vram&oq=3070Ti+rtx+how+much+vram&gs_lcrp=EgZjaHJvbWUyBggAEEUYOTIICAEQABgWGB4yCggCEAAYChgWGB4yCAgDEAAYFhgeMgcIBBAAGO8FMgoIBRAAGKIEGIkFMgcIBhAAGO8FMgcIBxAAGO8FMgcICBAAGO8F0gEIOTg1MWowajeoAgCwAgA&sourceid=chrome&ie=UTF-8,2,0,link
166,19912,6/17/2026,1:20:55,3070Ti rtx how much vram - Google Search,https://www.google.com/search?q=3070Ti+rtx+how+much+vram&oq=3070Ti+rtx+how+much+vram&gs_lcrp=EgZjaHJvbWUyBggAEEUYOTIICAEQABgWGB4yCggCEAAYChgWGB4yCAgDEAAYFhgeMgcIBBAAGO8FMgoIBRAAGKIEGIkFMgcIBhAAGO8FMgcIBxAAGO8FMgcICBAAGO8F0gEIOTg1MWowajeoAgCwAgA&sourceid=chrome&ie=UTF-8,2,0,generated
167,19913,6/17/2026,1:19:49,"Alienware M17 R5 P50E002 17"" Ryzen 9 6900HX 32GB RAM 1TB SSD GeForce RTX 3070Ti | eBay Australia",https://www.ebay.com.au/itm/376846937802?_trkparms=itmf%3D1%26aid%3D1110018%26rkt%3D12%26mech%3D1%26algv%3DCompVIDesktopATF2V6ReplaceKnnV4WithVectorDbNsOptHotPlRecallWithSiblingFilterCpcRecallsWithUserTargetingV2%26pmt%3D1%26amclksrc%3DITM%26sd%3D397884623300%26sid%3DAQALAAAAEARmbVFDgl6EXGMw%2FcphILM%3D%26itm%3D376846937802%26noa%3D0%26plcampt%3D0%3A13335259015%26algo%3DHOMESPLICE.COMPLISTINGS%26brand%3DAlienware%26asc%3D20201210111451%26ao%3D1%26rk%3D4%26pid%3D101196%26b%3D1%26mehot%3Dnone%26lsid%3D0%26meid%3D3b151a000b7242e4adcca1e2c4e8457e%26pg%3D2332490&_trksid=p2332490.c101196.m2219&itmprp=cksum%3A3768469378023b151a000b7242e4adcca1e2c4e8457e%7Cenc%3AAQALAAABUFyvTK8FDi5%252FSHI0lJ%252BTnhAMGcHocxkHvqpM5VgIYPKhjoHFKj%252Bb%252BxIQCxiESLOq3uSvfQ86ArctWzcUYjDDMyyHmVBqmSl15eTDPmxXrZRPXNF39Dxi6yw6YnmzEk08bPYePm2e%252FJ1SgPwrgY3YZFbQwL74gfgYK1P7MdhUqEgJHQj%252BupJ6OPws8C8dz5GwpPGUuhItOeUqT%252BVnN0qETHPHWL9NL%252FfhgXeCpo%252BOBuwRJHxxGUY85WnCOBwwTSIjtnaxXUCDS264cIWCu82X6biKUHU8XLfn%252B3QitMxZeRMWlr52P32TwQjSIOVlAPzNe5O3%252FpOhvHnNag1PDqlK%252BL%252FzvTZb2JYXlMEneoAKCMgDuVjKnZaV5%252FNQI7Fs1e3Oou%252FEsKSw4wqYdQY07FHldfFfIeR%252BcIzeNAOIh1WjE45L%252FMPZJbzABBA5yllzBtAVwA%253D%253D%7Campid%3APL_CLK%7Cclp%3A2332490&itmmeta=01KV8G7D5YJYZ147N6XJ656YWQ,1,0,link
168,19914,6/17/2026,1:19:01,"Aorus 15P XD RTX 3080, i7 11800H, 1TB SSD, 32GB RAM, 15.6"" 1920x1080 240Hz | eBay Australia",https://www.ebay.com.au/itm/397884623300?_trkparms=amclksrc%3DITM%26aid%3D1110013%26algo%3DHOMESPLICE.SIMRXI%26ao%3D1%26asc%3D20250416182318%26meid%3Dc2963522dcb74a5499a1442ca69019a8%26pid%3D102689%26rk%3D15%26rkt%3D24%26mehot%3Dnone%26itm%3D397884623300%26pmt%3D1%26noa%3D1%26pg%3D4375194%26algv%3DOrganicSimRXIHybridRankerV21%26brand%3DAORUS%26tu%3D01KV8F7G4Q4M592NJEP497RPW2,1,0,link
169,19916,6/17/2026,1:17:15,Dell Precision 7550 Laptop | Intel Xeon W10855M CPU| 64GB| 1.5TB |16 GB RTX 5000 | eBay Australia,https://www.ebay.com.au/itm/198143249185?chn=ps&_ul=AU&_trkparms=ispr%3D1&amdata=enc%3A1nU52Qy7xSNiY8pt3gHUHYg31&norover=1&mkevt=1&mkrid=705-173151-935305-0&mkcid=2&mkscid=101&itemid=198143249185&targetid=2367800370202&device=c&mktype=pla_with_promotion&googleloc=9071333&poi=&campaignid=21776442415&mkgroupid=173963205248&rlsatarget=pla-2367800370202&abcId=10047386&merchantid=7364522&gad_source=1&gad_campaignid=21776442415&gbraid=0AAAAAD97CxSL-yiW99IrRGW5u-ElDrmKk&gclid=CjwKCAjw6MPRBhBTEiwAd-7Mr3OvDHqS1Lnpqpwa03UTrCpxR5G-KtjomCRZerPJ0U3qzZ2gbRd73RoCTckQAvD_BwE,1,0,link
170,19917,6/17/2026,1:16:10,"Dell Precision 7560 15"" Touch FHD Core Xenon 10th1.5 TB SSD 64GB 16 GB RTX A4000 - Google Search",https://www.google.com/search?q=Dell+Precision+7560+15%22+Touch+FHD+Core+Xenon+10th1.5+TB+SSD+64GB+16+GB+RTX+A4000&sourceid=chrome&ie=UTF-8,1,0,link
171,19918,6/17/2026,1:15:16,"Dell Precision 7560 15"" Touch FHD Core Xenon 10th1.5 TB SSD 64GB 16 GB RTX A4000 | eBay Australia",https://www.ebay.com.au/itm/127719846029?_trkparms=itmf%3D1%26aid%3D1110006%26rkt%3D4%26mech%3D1%26algv%3DSimVIDwebV4WithCtxRankerV1UnifiedFeaturesWithAuctionUnificationKatReco%26pmt%3D1%26amclksrc%3DITM%26sd%3D406793622034%26sid%3DAQALAAAAENX%2F8LQv3QkwZSplhKSBLiU%3D%26itm%3D127719846029%26noa%3D0%26plcampt%3D0%3A157271907013%26algo%3DHOMESPLICE.SIM%26brand%3DDell%26asc%3D308846%26ao%3D1%26rk%3D1%26pid%3D101875%26b%3D1%26mehot%3Dnone%26lsid%3D15%26meid%3Da18c42d190f24d08bd67c5903b435b9e%26pg%3D2332490&_trksid=p2332490.c101875.m1851&itmprp=cksum%3A127719846029a18c42d190f24d08bd67c5903b435b9e%7Cenc%3AAQALAAABMMA0Og2ij4FjSazQGxuOVMqkQbuD154JAxn1UOi5bMOS8wVwhJcrlHDJpmO54TbaJhEQ8giNg7TrlKMnojPQLVz46fh0hLq3kmS8BAuFzSTB2Mb15VwqLM7%252FQTzJudeP8ATS9bKgYTYwjsozYlcEkEKXcWyz33e2ArVHg10zlOut3ytvG5XWEbP7lC2ZsT5Ik5ZVGerZOQcNwYzdWUIjPs7vpiOqGWHps4OtgvNUnMIDkGqH1g8%252BGFFJ8KKoWYav97ED8mzIfpBlpkjMDaytM96hcnwveSLWz7BtZQz60d54b6lgQuQ5RHcyLhN8k71haYXa%252FG9C1ulH07f8%252F7I6ClyNFwVzXQFd6U4fhMdHnkssJmFF%252FmxR94DvuNmaFLgrlSCxDBIq%252FrxjtJHddC4iENA%253D%7Campid%3APL_CLK%7Cclp%3A2332490&itmmeta=01KV8F92WTG38M6T6FZAAPQAPH,1,0,link
172,19919,6/17/2026,1:13:09,Dell Pro Max 16 MC16250 Laptop: Ultra 7 32GB RAM 1TB SSD NVIDIA RTX Warranty | eBay Australia,https://www.ebay.com.au/itm/406934672420?_trkparms=itmf%3D1%26aid%3D1110018%26rkt%3D12%26mech%3D1%26algv%3DCompVIDesktopATF2V6ReplaceKnnV4WithVectorDbNsOptHotPlRecallWithSiblingFilterCpcRecallsWithUserTargetingV2%26pmt%3D1%26amclksrc%3DITM%26sd%3D406793622034%26sid%3DAQALAAAAEO7bM5fyRQ14HkTHoc1UEvA%3D%26itm%3D406934672420%26noa%3D0%26plcampt%3D0%3A46512221019%26algo%3DHOMESPLICE.COMPLISTINGS%26brand%3DDell%26asc%3D20201210111451%26ao%3D1%26rk%3D1%26pid%3D101196%26b%3D1%26mehot%3Dnone%26lsid%3D3%26meid%3D97106e4aba3a477fa13234915cac15f9%26pg%3D2332490&_trksid=p2332490.c101196.m2219&itmprp=cksum%3A40693467242097106e4aba3a477fa13234915cac15f9%7Cenc%3AAQALAAABUFyvTK8FDi5%252FSHI0lJ%252BTnhAMGcHocxkHvqpM5VgIYPKhjoHFKj%252Bb%252BxIQCxiESLOq3uSvfQ86ArctWzcUYjDDMyyHmVBqmSl15eTDPmxXrZRPXNF39Dxi6yw6YnmzEk08bPYePm2e%252FJ1SgPwrgY3YZFZ%252Bop6LZHeymOKG8SWkyCKpZ2HjqJLKauHIlGt%252FqhWUuZ%252Bes39OD7Tca7vGserkC4%252FbgDNN%252Fxs%252FW%252FJ3HlCvlNvFDy4RvnkcOYnPJJL2EyfGnOHosVrtHrqU69tGKt%252FfeuLZDKkDm5EAqmkFNIgJPEbc1fKTEeNDEutHj28U9Yh6FTN271i6xqFL7%252B7EGI2Io2vFtxYJHR6F5pr9xK4V9DQTa5ZLW%252BAmH0obmsqJJS2xKdLnUZMuAc%252FqOPGY1ZNgbfyXO5A8wfyqTbNzJ394bJOpj3MO40fEr0wKtqX77kNRgQ%253D%253D%7Campid%3APL_CLK%7Cclp%3A2332490&itmmeta=01KV8F92WTQ1JCPBPT0MCRR34A,1,0,link
173,19920,6/17/2026,1:07:58,"Asus Rog Flow Z13 GZ302EA Ryzen AI MAX+ 395 128GB RAM 1TB SSD 13.4"" 2.5K Touch | eBay Australia",https://www.ebay.com.au/itm/198415152806?itmmeta=01KV8FHAE1S6D4M8B9FMN2TQT6&hash=item2e3276f6a6:g:~QcAAeSwlYJpr60~:sc:AU_StandardDelivery!3070!AU!-1,1,0,link
174,19921,6/17/2026,1:07:23,"Asus Rog Flow Z13 GZ302EA Ryzen AI MAX+ 395 32GB RAM 1TB SSD 13.4"" 2.5K Touch | eBay Australia",https://www.ebay.com.au/itm/178214868301?epid=18057921608&itmmeta=01KV8FHAGP8F1XCXQYZK775M77&hash=item297e6f154d:g:~QcAAeSwlYJpr60~:sc:AU_StandardDelivery!3070!AU!-1,1,0,link
175,19922,6/17/2026,1:07:08,"Asus GX650PV ROG Zephyrus Duo16 R9 7945HX 32GB RAM 1TB SSD RTX4060 16"" + 14"" W11 | eBay Australia",https://www.ebay.com.au/itm/198363360068?itmmeta=01KV8FHAE18FFNPT6E9JTHJVW7&hash=item2e2f60ab44:g:o1EAAeSwmGVpCur4:sc:AU_StandardDelivery!3070!AU!-1,1,0,link
176,19923,6/17/2026,1:06:58,treasure_pc_online | eBay Australia Stores,https://www.ebay.com.au/str/treasurepconline?_sacat=177&promoted_items=198415152806%2C198363360068%2C198317983943%2C178090594706%2C177869945494&itmprp=encpd%3AAQALAAACMLtHwx8kUPz6XNoE6JSKdOmB1oshCIWe7RqSnHtfJxAy7tOcJsSAU%2Bgj0%2FXHtnI4pUh3ogkqx6YTZZZZMk8DP9RcvLeBeypqCjV9sboXy37iXgu8Wt2KPzWlXcLXd9tIbXysEjW9iDMBVV5Q1HlYEEqPL%2FVIk3vuUYbV1HQNBuu4UWhezkmSWqt1ZcJej3JfXJxXvOHKQgF8dsdNZqTDQP%2FgcedrIyMNFKvozkwBikD01rOh7s6CKc9BGo%2FReeWCFdxdoA7sFwyBTa8Sd3msK6OdTplbK90KOP0SMrhC8wzUBEaUft0gaNAEdozvxckxNux%2Ft3X4msWRWddB2oHTakoDICcZyiwobeyRjqEYkR2iLhqgc%2FB2Hcmhi%2FTerDVV3JhGrKvyVmTuMPQOCeE%2FQL%2FyVfe8EfGEcs2RaE5AdPIibrw5QgMb6bOyL6AWygI%2FokILuVeJT6V6rLxUMFsyKZY50NQFH%2B1ar0ITvVplViDdCqmmgP%2F52bx%2FCD%2BGZTT2%2FBVpVTlGrM0VrBLZ5IzJH5E8pxg0pJP8Z16yk60btiH5liqZRFftpuOq2f1mqCPn6c3gDLmGvEnT199s8zKMQSCrhAAeLxy549gxs1mPam8bCBw4psPCAuCWKnp16X0xWmEL1fIE3z4aPHz3C526qEdZJiSsrZyiA7yCfOUYtVQu8pMvi7BjXg9qZ4Nb82eypPSFNIFOObcq9eAWmKdllCzv8ik1iLz8pwUBqbVy7wST&itmmeta=wwHmKhYwY%2Fjx0DQwMUtWOEZDWUQ3RVdOVDk5NTRGRFdGRVIxMzQwMUtWOEZDWTMwNzZIRzhIWTdLWDdRUERaVL6%2BDA%3D%3D,1,0,link
177,19924,6/17/2026,1:05:07,"Dell Pro Max 16 PREMIUM 2TB 32GB 4K TANDEM OLED Touch U7 Workstation RRP$5,500+ | eBay Australia",https://www.ebay.com.au/itm/397976496990?_trkparms=itmf%3D1%26aid%3D1110013%26rkt%3D25%26mech%3D1%26algv%3DPersonalizedV1_7%26pmt%3D1%26amclksrc%3DITM%26sd%3D198422518170%26sid%3DAQALAAAAEA9Hkv7z0NYiXlMkscT7g7M%3D%26itm%3D397976496990%26noa%3D0%26plcampt%3D0%3A162776027019%26algo%3DHOMESPLICE.SIMRXI%26brand%3DDell%26asc%3D20231016072133%26ao%3D1%26rk%3D25%26pid%3D101878%26b%3D1%26mehot%3Dnone%26lsid%3D15%26meid%3D56a14c1515a04f6ebdba102d5e364a17%26pg%3D4406038&_trksid=p4406038.c101878.m1851&itmprp=cksum%3A39797649699056a14c1515a04f6ebdba102d5e364a17%7Cenc%3AAQALAAABANrFzejQAKFizQtDaeofBU1fvgRVNAm%252FrSpTcXz5VHdIcffneqEcRhvC%252B5kSLXtddnS1JZnp9Dx3gDzsxgPv23qTqXfGRh6z%252F14LVcQ5LD3J50AYqgPGVKPT9%252FhKNwVFDTKyBRFaXPAdTff8mt0MW9Hoy1NN51a3x2SuUjC9%252FQmA2ykkJUz6TIyORpXU8DYDm15RaVCIYo0SRMVjcZhidh7KUv9EXddObQO32PqAvdkfBb8M1BEA1zdsYBv4cMq84%252FDsoa8oCdzrwKAPzo2rPPAwLTRxYBv--L6uqaNDK6vwANKM3vW%252BRb18OXJqSp33m3NzRB0ayw7DYB%252FSYYWguv4%253D%7Campid%3APL_CLK%7Cclp%3A4406038&itmmeta=01KV8FCH4DSD1C0TFF05H3VMPB,1,0,link
178,19925,6/17/2026,1:04:34,"Asus ROG G834JZR Strix Scar 18 i9 14900HX 32GB DDR5 RAM 2TB SSD RTX4080 18"" QHD+ | eBay Australia",https://www.ebay.com.au/itm/198417725766?_trkparms=itmf%3D1%26aid%3D1110006%26rkt%3D10%26algo%3DHOMESPLICE.SIM%26mech%3D1%26algv%3DSimOrganicCassiniWithToraRecalls%26pmt%3D0%26amclksrc%3DITM%26sd%3D198422518170%26sid%3DAQALAAAAEPxL0KloNJtnDuoc3eXz6qM%3D%26itm%3D198417725766%26noa%3D1%26brand%3DASUS%26asc%3D20220405142716%26ao%3D1%26rk%3D2%26pid%3D101506%26b%3D1%26mehot%3Dnone%26lsid%3D15%26meid%3Dd40eb7b72b78420f94c864f40b3a9b6b%26pg%3D4481478&_trksid=p4481478.c101506.m1851,1,0,link
179,19926,6/17/2026,1:04:29,"Asus ROG G635LW Strix Scar 16 Ultra 9 275HX 32GB RAM 1TB SSD RTX5080 16"" 2.5K | eBay Australia",https://www.ebay.com.au/itm/178206278028?_trkparms=itmf%3D1%26aid%3D1110006%26rkt%3D10%26algo%3DHOMESPLICE.SIM%26mech%3D1%26algv%3DSimOrganicCassiniWithToraRecalls%26pmt%3D0%26amclksrc%3DITM%26sd%3D198422518170%26sid%3DAQALAAAAEPxL0KloNJtnDuoc3eXz6qM%3D%26itm%3D178206278028%26noa%3D1%26brand%3DASUS%26asc%3D20220405142716%26ao%3D1%26rk%3D3%26pid%3D101506%26b%3D1%26mehot%3Dnone%26lsid%3D15%26meid%3Dd40eb7b72b78420f94c864f40b3a9b6b%26pg%3D4481478&_trksid=p4481478.c101506.m1851,1,0,link
180,19927,6/17/2026,1:03:32,MSI Titan 18 HX AI Ultra 9-285HX 64GB RAM 6TB SSD RTX5080 16GB Gaming Laptop | eBay Australia,https://www.ebay.com.au/itm/198422518170?_trkparms=itmf%3D1%26aid%3D1110006%26rkt%3D10%26algo%3DHOMESPLICE.SIM%26mech%3D1%26algv%3DSimOrganicCassiniWithToraRecalls%26pmt%3D0%26amclksrc%3DITM%26sd%3D406793622034%26sid%3DAQALAAAAEARIwX1K8WB2WAJpd7htgnA%3D%26itm%3D198422518170%26noa%3D1%26brand%3DMSI%26asc%3D20220405142716%26ao%3D1%26rk%3D1%26pid%3D101506%26b%3D1%26mehot%3Dnone%26lsid%3D15%26meid%3Da3182fcb33a74570ac04bc8fd00a041c%26pg%3D4481478&_trksid=p4481478.c101506.m1851,1,0,link
181,19928,6/17/2026,1:03:01,"Dell Precision 7560 15"" Touch FHD Core Xenon 10th1.5 TB SSD 64GB 16 GB RTX A4000 | eBay Australia",https://www.ebay.com.au/itm/127719846029?_trkparms=itmf%3D1%26aid%3D1110006%26rkt%3D10%26mech%3D1%26algv%3DSimOrganicCassiniWithToraRecalls%26pmt%3D1%26amclksrc%3DITM%26sd%3D406793622034%26sid%3DAQALAAAAENX%2F8LQv3QkwZSplhKSBLiU%3D%26itm%3D127719846029%26noa%3D1%26plcampt%3D0%3A157271907013%26algo%3DHOMESPLICE.SIM%26brand%3DDell%26asc%3D20220405142716%26ao%3D1%26rk%3D10%26pid%3D101506%26b%3D1%26mehot%3Dnone%26lsid%3D15%26meid%3Da3182fcb33a74570ac04bc8fd00a041c%26pg%3D4481478&_trksid=p4481478.c101506.m1851,1,0,link
182,19929,6/17/2026,1:02:27,"Dell Pro Max 18 Plus Laptop: Ultra 9 285HX, 64GB RAM, 1TB SSD, RTX 3000 Warranty | eBay Australia",https://www.ebay.com.au/itm/406793622034?_trkparms=amclksrc%3DITM%26aid%3D1110013%26algo%3DHOMESPLICE.SIMRXI%26ao%3D1%26asc%3D20250416182318%26meid%3Dc2963522dcb74a5499a1442ca69019a8%26pid%3D102689%26rk%3D13%26rkt%3D24%26mehot%3Dlo%26itm%3D406793622034%26pmt%3D1%26noa%3D1%26pg%3D4375194%26algv%3DOrganicSimRXIHybridRankerV21%26brand%3DDell%26tu%3D01KV8F7G4NZM8BWHHC874V6D0N,1,0,link
183,4527,6/17/2026,1:01:35,"eBay Australia | Electronics, Cars, Fashion, Collectibles & More",https://www.ebay.com.au/,31,2,form_submit
184,11441,6/17/2026,1:01:32,Sign in or Register | eBay,https://signin.ebay.com.au/signin/apple/cb,6,0,form_submit
185,19930,6/17/2026,1:00:49,Sign in to Apple Account,https://appleid.apple.com/auth/authorize?scope=name+email&response_type=code%20id_token&redirect_uri=https%3A%2F%2Fsignin.ebay.com.au%2Fsignin%2Fapple%2Fcb&state=dl4xLjEjaV4xI0leMyNyXjEjZl4wI3BeMSN0XlVsNDFYekV3T2tZd016ZzBNRVpFUmpJME9FUXdNVVV5UkRrMk9VWTBRVUUxUXpBMk9UaEdYekpmTVNORlhqSTJNQT09.15%7C%7CAQALAAAAkMepOIK0JUJ-9ZeFb_bUzmOjmLBnw2y-FMrfFbLwDDvG9t-RS8T19_8ZvTfuBYBvc8jfr54DxxcrYjRlAUVzpkgNLqD9vVtRamCPO10gl7ZAErQhtgt2QlvLu3I8moaJl0XxA6Q8Nq4GIH638FPufPaib4_AxRHI_InAAIH3xujZUj0Md8I40Bn0TLVVp8Js7Q&locale=en_AU&client_id=com.ebay.www&response_mode=form_post,1,0,link
186,11438,6/17/2026,1:00:45,Sign in or Register | eBay,https://signin.ebay.com.au/ws/eBayISAPI.dll?SignIn&sgfl=gh&ru=https%3A%2F%2Fwww.ebay.com.au%2F,4,0,link
187,4527,6/17/2026,1:00:33,"eBay Australia | Electronics, Cars, Fashion, Collectibles & More",https://www.ebay.com.au/,31,2,typed
188,19932,6/17/2026,0:33:29,Refurbished Dell 16 Premium Laptop DA16250: Dell Factory Outlet | Dell Australia | Australia,https://www.dell.com/en-au/outlet/refurbished-dell-16-premium-laptop-da162502050,2,0,link
189,19933,6/17/2026,0:33:14,Refurbished Laptops - Dell Factory Outlet | Dell Australia | Australia,"https://www.dell.com/en-au/outlet/shop/laptops-tablets?display_type=5473&product_list_order=high_to_low&refinement=456,459",1,0,link
190,18944,6/17/2026,0:33:00,Refurbished XPS 16 Laptop DA16260: Dell Factory Outlet | Dell Australia | Australia,https://www.dell.com/en-au/outlet/refurbished-xps-16-laptop-da162607765,3,0,link
191,19934,6/17/2026,0:32:36,Refurbished Laptops - Dell Factory Outlet | Dell Australia | Australia,"https://www.dell.com/en-au/outlet/shop/laptops-tablets?product_list_order=high_to_low&refinement=456,459",1,0,link
192,19935,6/17/2026,0:32:14,Refurbished Laptops - Dell Factory Outlet | Dell Australia | Australia,https://www.dell.com/en-au/outlet/shop/laptops-tablets?product_list_order=high_to_low&refinement=456,1,0,link
193,11711,6/17/2026,0:32:08,Refurbished Laptops - Dell Factory Outlet | Dell Australia | Australia,https://www.dell.com/en-au/outlet/shop/laptops-tablets?product_list_order=high_to_low,7,0,link
194,6958,6/17/2026,0:32:05,Refurbished Laptops - Dell Factory Outlet | Dell Australia | Australia,https://www.dell.com/en-au/outlet/shop/laptops-tablets,15,0,link
195,11714,6/17/2026,0:32:02,Dell Pro Max Laptops - Laptops & Tablets - Products | Australia,https://www.dell.com/en-au/outlet/shop/laptops-tablets/dell-pro-max-laptops,4,0,link
196,19936,6/17/2026,0:31:32,Refurbished Alienware 18 Area-51 Gaming Laptop AA18250: Dell Factory Outlet | Dell Australia | Australia,https://www.dell.com/en-au/outlet/refurbished-alienware-18-area-51-gaming-laptop-aa182509928,2,0,link
197,19937,6/17/2026,0:31:13,Refurbished Laptops - Dell Factory Outlet | Dell Australia | Australia,https://www.dell.com/en-au/outlet/shop/laptops-tablets?product_list_order=high_to_low&refinement=8,1,0,link
198,19938,6/17/2026,0:30:33,Refurbished Laptops - Dell Factory Outlet | Dell Australia | Australia,https://www.dell.com/en-au/outlet/shop/laptops-tablets?p=6&product_list_order=high_to_low,1,0,link
199,19939,6/17/2026,0:30:27,Refurbished Laptops - Dell Factory Outlet | Dell Australia | Australia,https://www.dell.com/en-au/outlet/shop/laptops-tablets?p=6,1,0,link
200,19940,6/17/2026,0:30:12,Refurbished Laptops - Dell Factory Outlet | Dell Australia | Australia,https://www.dell.com/en-au/outlet/shop/laptops-tablets?p=4,1,0,link
201,6958,6/17/2026,0:29:51,Refurbished Laptops - Dell Factory Outlet | Dell Australia | Australia,https://www.dell.com/en-au/outlet/shop/laptops-tablets,15,0,link
202,12399,6/17/2026,0:29:27,Refurbished Precision 17 - 7780 Laptop: Dell Factory Outlet | Dell Australia | Australia,https://www.dell.com/en-au/outlet/refurbished-precision-17-7780-laptop3269,3,0,link
203,13059,6/17/2026,0:28:55,Refurbished Precision Mobile Workstations | Dell Outlet | Australia,https://www.dell.com/en-au/outlet/shop/laptops-tablets/precision-mobile-workstations,7,0,link
204,11694,6/17/2026,0:27:24,Dell Factory Outlet Featured Products | Australia,https://www.dell.com/en-au/outlet/featured-products,7,0,link
205,13060,6/17/2026,0:26:48,Refurbished Precision 16 - 5690 Laptop: Dell Factory Outlet | Dell Australia | Australia,https://www.dell.com/en-au/outlet/refurbished-precision-16-5690-laptop5100,4,0,link
206,13059,6/17/2026,0:26:20,Refurbished Precision Mobile Workstations | Dell Outlet | Australia,https://www.dell.com/en-au/outlet/shop/laptops-tablets/precision-mobile-workstations,7,0,link
207,19941,6/17/2026,0:26:02,Refurbished Laptops - Dell Factory Outlet | Dell Australia | Australia,https://www.dell.com/en-au/outlet/shop/laptops-tablets?display_type=5473&p=4,1,0,link
208,19942,6/17/2026,0:25:09,Refurbished Laptops - Dell Factory Outlet | Dell Australia | Australia,https://www.dell.com/en-au/outlet/shop/laptops-tablets?display_type=5473&p=3,1,0,link
209,19943,6/17/2026,0:24:49,Refurbished Laptops - Dell Factory Outlet | Dell Australia | Australia,https://www.dell.com/en-au/outlet/shop/laptops-tablets?display_type=5473&p=2,1,0,link
210,13057,6/17/2026,0:24:40,Refurbished Laptops - Dell Factory Outlet | Dell Australia | Australia,https://www.dell.com/en-au/outlet/shop/laptops-tablets?display_type=5473,4,0,link
211,13058,6/17/2026,0:24:32,Refurbished Laptops - Dell Factory Outlet | Dell Australia | Australia,https://www.dell.com/en-au/outlet/shop/laptops-tablets?display_type=5473&product_list_order=high_to_low,3,0,link
212,12755,6/17/2026,0:23:46,Refurbished Laptops - Dell Factory Outlet | Dell Australia | Australia,https://www.dell.com/en-au/outlet/shop/laptops-tablets?p=2&product_list_order=high_to_low,2,0,link
213,13060,6/17/2026,0:23:35,Refurbished Precision 16 - 5690 Laptop: Dell Factory Outlet | Dell Australia | Australia,https://www.dell.com/en-au/outlet/refurbished-precision-16-5690-laptop5100,4,0,link
214,19932,6/17/2026,0:22:46,Refurbished Dell 16 Premium Laptop DA16250: Dell Factory Outlet | Dell Australia | Australia,https://www.dell.com/en-au/outlet/refurbished-dell-16-premium-laptop-da162502050,2,0,link
215,19944,6/17/2026,0:20:36,Refurbished Dell Pro Max 16 Plus Laptop MB16250: Dell Factory Outlet | Dell Australia | Australia,https://www.dell.com/en-au/outlet/refurbished-dell-pro-max-16-plus-laptop-mb162504048,1,0,link
216,11711,6/17/2026,0:19:51,Refurbished Laptops - Dell Factory Outlet | Dell Australia | Australia,https://www.dell.com/en-au/outlet/shop/laptops-tablets?product_list_order=high_to_low,7,0,link
217,6958,6/17/2026,0:19:43,Refurbished Laptops - Dell Factory Outlet | Dell Australia | Australia,https://www.dell.com/en-au/outlet/shop/laptops-tablets,15,0,link
218,19936,6/17/2026,0:19:28,Refurbished Alienware 18 Area-51 Gaming Laptop AA18250: Dell Factory Outlet | Dell Australia | Australia,https://www.dell.com/en-au/outlet/refurbished-alienware-18-area-51-gaming-laptop-aa182509928,2,0,link
219,19945,6/17/2026,0:18:50,Refurbished Gaming Laptops | Australia,https://www.dell.com/en-au/outlet/shop/laptops-tablets/alienware-laptops?SA360CID=22473165265&dgc=ST&gacd=9685010-1213-5761040-272307481-0&gad_campaignid=22473165265&gad_source=1&gclid=CjwKCAjw6MPRBhBTEiwAd-7Mr2rbspNfyBABbDMmHTmtZMZnHaknWLLACfPinCOuv4RXLuRUjnnz9hoCERoQAvD_BwE&gclsrc=aw.ds&product_list_order=high_to_low,1,0,link
220,19947,6/17/2026,0:18:40,Refurbished Gaming Laptops | Australia,https://www.dell.com/en-au/outlet/shop/laptops-tablets/alienware-laptops?gacd=9685010-1213-5761040-272307481-0&dgc=ST&SA360CID=22473165265&gclsrc=aw.ds&gad_source=1&gad_campaignid=22473165265&gclid=CjwKCAjw6MPRBhBTEiwAd-7Mr2rbspNfyBABbDMmHTmtZMZnHaknWLLACfPinCOuv4RXLuRUjnnz9hoCERoQAvD_BwE,1,0,link
221,11669,6/17/2026,0:16:28,Alienware 18 Area-51 Gaming Laptop | Dell Australia,https://www.dell.com/en-au/shop/gaming-and-games/alienware-18-area-51-gaming-laptop/spd/alienware-area-51-aa18250-gaming-laptop,16,0,link
222,19640,6/17/2026,0:16:21,Alienware Gaming Laptops | Dell Australia,https://www.dell.com/en-au/gaming/alienware-laptops#models,3,0,link
223,19949,6/17/2026,0:16:15,Alienware Gaming Laptops | Dell Australia,https://www.dell.com/en-au/gaming/alienware-laptops?gacd=9685010-1210-5761040-272307481-0&dgc=ST&SA360CID=20825069646&gclsrc=aw.ds&gad_source=1&gad_campaignid=20825069646&gclid=CjwKCAjw6MPRBhBTEiwAd-7MrzC28uqV-XetVesY3aFtcVa9vThckJuDN9rDhSR8h5Mq6lijrcQ1MxoCI1YQAvD_BwE,1,0,link
224,19952,6/17/2026,0:16:04,alienware 18 - Google Search,https://www.google.com/search?q=alienware+18&rlz=1C9BKJA_enAU1188AU1189&oq=alienware+18&gs_lcrp=EgZjaHJvbWUyBggAEEUYOTIGCAEQRRg8MgYIAhBFGDwyBggDEEUYPDIGCAQQRRg7MgYIBRBFGDsyDggGEEUYJxg7GIAEGIoFMgkIBxAjGCcYngYyBwgIEAAYgAQyBwgJEAAYgATSAQkxNTE3MWowajSoAhOwAgHiAwQYASBf8QWv_9qatHpAIQ&hl=en-GB&sourceid=chrome-mobile&ie=UTF-8#ebo=0,1,0,generated
225,19954,6/17/2026,0:14:45,Amazon Sign-In,https://www.amazon.com.au/ap/signin?openid.pape.max_auth_age=3600&openid.return_to=https%3A%2F%2Fwww.amazon.com.au%2Freview%2FR1SBQOQ5LF23BR%2Fref%3Dcm_cr_dp_d_rvw_ttl%3Fie%3DUTF8&openid.identity=http%3A%2F%2Fspecs.openid.net%2Fauth%2F2.0%2Fidentifier_select&openid.assoc_handle=auflex&openid.mode=checkid_setup&language=en_AU&openid.claimed_id=http%3A%2F%2Fspecs.openid.net%2Fauth%2F2.0%2Fidentifier_select&openid.ns=http%3A%2F%2Fspecs.openid.net%2Fauth%2F2.0,1,0,link
226,19956,6/17/2026,0:13:41,Lenovo Legion Pro 7i 16IAX10H 16-Inch WQXGA OLED Display 240Hz Ultra 9 32GB 1TB SSD RTX5070TI WiFi 7 Win11H Eclipse Black 83F50020AU B0FB3WRXDY at Amazon | camelcamelcamel.com,https://au.camelcamelcamel.com/product/1BT07FXBZ3ZWLR6X6DDYV/go?context=partner&ctx_prid=8&ctx_pid=269111208&ctx_cid=188495962&ctx_pt=price_amazon&ctx_aid=1505293633&oelid=09c6a8b2a092ce5da0220c74978897a4&ctx_act=buy&ctx_src=buy-button&utm_campaign=amazon_products&utm_source=camel-buy-btn&utm_medium=email,1,0,link
227,19811,6/17/2026,0:13:39,force reset msi katana laptop - Google Search,https://www.google.com/search?q=force+reset+msi+katana+laptop&rlz=1C9BKJA_enAU1188AU1189&oq=force+reset+msi+katana+laptop&gs_lcrp=EgZjaHJvbWUyCwgAEEUYChg5GKABMggIARAAGBYYHjINCAIQABiGAxiABBiKBTINCAMQABiGAxiABBiKBTINCAQQABiGAxiABBiKBTINCAUQABiGAxiABBiKBTIHCAYQIRifBTIHCAcQIRifBTIHCAgQIRifBTIHCAkQIRifBdIBCTE2NDMxajBqNKgCE7ACAeIDBBgBIF_xBbavDBzXpND6&hl=en-GB&sourceid=chrome-mobile&ie=UTF-8#lfId=ChxjMe,2,0,link
228,19539,6/16/2026,22:06:49,Android Flash Tool,https://flash.android.com/,13,1,link
229,19541,6/16/2026,19:48:25,Android Flash Tool - Confirm ADB key access,https://secure.flash.android.com/confirm,14,0,link
230,19566,6/16/2026,19:48:23,Android Flash Tool,https://flash.android.com/back-to-public,6,1,link
231,19808,6/16/2026,19:48:12,Android Flash Tool,https://flash.android.com/welcome?continue=%2Fback-to-public,2,0,link
232,19566,6/16/2026,19:48:11,Android Flash Tool,https://flash.android.com/back-to-public,6,1,typed
233,139,6/16/2026,19:47:02,"Inbox (4,148) - nishantdougall@gmail.com - Gmail",https://mail.google.com/mail/u/0/#inbox,81,0,link
234,139,6/16/2026,19:47:02,"Inbox (4,148) - nishantdougall@gmail.com - Gmail",https://mail.google.com/mail/u/0/#inbox,81,0,link
235,838,6/16/2026,19:47:01,Gmail,https://mail.google.com/mail/u/0/,58,0,link
236,838,6/16/2026,19:46:55,Gmail,https://mail.google.com/mail/u/0/,58,0,auto_toplevel
237,19960,6/16/2026,19:46:55,Gmail,https://accounts.google.com/v3/signin/identifier?continue=https%3A%2F%2Fmail.google.com%2Fmail%2Fu%2F0%2F&dsh=S1344340526%3A1781603214945320&emr=1&followup=https%3A%2F%2Fmail.google.com%2Fmail%2Fu%2F0%2F&osid=1&passive=1209600&service=mail&flowName=GlifWebSignIn&flowEntry=ServiceLogin&ifkv=AcDsRvxsxlk_9U2j0PCeVZVkyhYFgXZ8e8N1pTpOTH4BlORTJ_26LoO6RsxVhZQMr2QzSXZORgU-,1,0,auto_toplevel
238,139,6/16/2026,17:46:49,"Inbox (4,148) - nishantdougall@gmail.com - Gmail",https://mail.google.com/mail/u/0/#inbox,81,0,link
239,838,6/16/2026,17:46:43,Gmail,https://mail.google.com/mail/u/0/,58,0,auto_toplevel
240,19961,6/16/2026,5:43:34,View your personal spotify statistics - Stats for Spotify,https://www.statsforspotify.com/,1,0,link
